cardid,average value,age,Shopping_frequency,satisfaction level,Family_size,income,"vegetables, fruits","meat, fish",dairy,rice-based products,"sauce, seasonings",frozen foods,"wine,beer",personal care products,softdrink,household cleaning products,confectionery,loyalty card
39808,73,46,HIGH,5,4,27000,F,T,F,F,T,T,T,T,T,F,F,T
67362,81,28,MEDIUM,4.5,3,30000,F,T,F,F,T,T,T,T,T,F,F,T
10872,42,36,MEDIUM,4.7,5,13200,T,F,F,F,F,F,T,T,F,F,T,F
26748,46,26,LOW,5,2,12200,T,F,F,T,T,T,F,F,T,F,T,F
91609,46,24,LOW,4.3,2,11000,T,F,T,T,T,T,T,F,T,T,T,F
26630,45,35,LOW,3.2,6,15000,F,T,F,T,T,T,F,F,F,T,T,F
62995,76,30,MEDIUM,5,4,20800,T,F,T,T,T,T,T,T,T,F,T,T
38765,65,22,MEDIUM,3.2,3,24400,T,F,T,T,T,F,T,T,T,T,T,F
28935,74,46,HIGH,4.3,5,29500,T,T,T,T,F,T,T,T,T,F,T,T
41792,70,22,MEDIUM,5,4,29600,T,F,F,F,T,T,T,T,F,F,T,T
59480,44,18,MEDIUM,3.2,5,27100,F,F,F,F,T,T,F,F,F,F,T,F
60755,36,48,MEDIUM,3.1,2,20000,T,F,T,T,T,T,T,F,F,F,T,F
70998,57,43,LOW,2.5,3,27300,F,F,F,F,F,T,T,F,F,F,T,F
80617,40,43,HIGH,2.8,1,28000,F,T,F,F,T,T,T,T,F,T,T,T
61144,57,24,MEDIUM,2.3,1,27400,T,T,T,T,T,T,T,F,F,F,T,F
36405,46,19,HIGH,3.5,5,18400,T,T,T,T,F,F,T,F,T,T,T,T
76567,89,31,LOW,3.7,3,23100,F,T,F,F,T,T,T,F,F,F,T,F
85699,63,29,MEDIUM,4.7,8,27000,T,F,T,T,T,T,T,F,F,F,T,F
11357,43,26,MEDIUM,4.3,6,23100,F,F,F,F,T,F,T,T,F,T,T,F
97761,68,38,LOW,3.8,4,25800,T,F,F,T,T,T,F,F,F,F,F,F
20362,55,38,MEDIUM,5,7,25100,F,F,F,T,F,T,T,T,F,F,T,F
33173,75,43,MEDIUM,3.4,3,24700,T,F,T,T,T,T,F,F,T,T,F,T
69934,71,41,HIGH,4.6,5,21300,F,F,F,F,T,T,T,T,F,T,T,T
14743,34,48,MEDIUM,4.2,4,12400,F,F,F,F,F,F,F,T,T,F,T,F
83071,51,31,MEDIUM,4.1,2,18100,T,F,T,T,T,F,T,F,T,F,F,F
17571,58,23,LOW,2.6,6,22900,F,F,F,F,F,F,T,F,T,F,T,F
37917,49,32,HIGH,5,2,27000,F,T,T,T,T,T,F,F,T,T,F,T
11236,73,34,LOW,4.5,6,26800,F,T,F,T,T,T,T,T,T,T,T,T
47914,42,32,MEDIUM,4.5,4,24700,F,T,T,T,T,T,F,F,F,T,F,F
58154,82,50,HIGH,4.7,3,21300,F,F,F,T,T,T,T,F,T,T,T,T
35197,74,38,MEDIUM,5,5,27400,F,F,F,F,F,F,F,F,F,F,T,T
64892,42,46,MEDIUM,4.3,4,12900,F,F,F,F,F,T,F,F,T,F,T,F
102467,59,48,LOW,3.2,7,26700,F,F,F,F,T,F,F,F,T,T,T,F
56677,60,42,MEDIUM,5,2,27800,F,F,T,T,T,T,T,F,T,F,T,F
94105,51,44,LOW,3.2,3,24100,F,F,T,T,T,T,T,T,T,T,T,F
63817,49,28,HIGH,4.3,1,19600,T,F,T,T,T,T,T,F,T,T,T,T
44887,43,41,LOW,5,1,28400,T,F,T,T,T,T,T,T,T,F,T,F
69720,48,41,LOW,3.2,5,16600,F,F,T,T,T,T,T,F,T,F,T,F
97267,34,19,HIGH,3.1,3,10200,T,T,T,T,T,T,T,F,F,F,F,T
53750,55,23,HIGH,2.5,8,24800,T,F,T,T,T,T,F,T,T,T,F,T
109530,61,30,LOW,2.8,6,21100,F,T,T,T,T,F,T,F,T,T,T,F
65493,53,43,MEDIUM,2.3,4,19900,T,T,T,T,T,T,T,T,T,T,T,F
96694,41,28,LOW,3.5,7,16300,T,T,F,F,F,F,F,T,F,T,T,F
46730,43,35,LOW,3.7,3,18700,T,T,T,T,T,T,T,F,T,F,T,F
60499,31,30,MEDIUM,4.7,5,12800,F,T,T,T,T,T,T,T,T,F,T,F
73004,69,18,HIGH,4.3,4,23800,T,T,T,T,T,T,F,F,T,T,T,T
21787,55,45,MEDIUM,3.8,2,19700,F,F,F,T,T,T,T,F,F,F,T,F
28314,62,37,LOW,5,6,29200,T,T,T,T,F,T,F,F,T,F,F,T
24651,57,37,MEDIUM,3.4,2,22700,T,T,T,T,T,T,F,F,T,F,F,F
29367,86,35,HIGH,4.6,3,28800,T,T,T,T,F,T,T,F,T,F,T,T
15072,48,34,LOW,4.2,1,28400,T,T,T,T,F,T,T,T,T,T,T,F
33622,61,25,MEDIUM,4.1,1,26200,T,T,F,F,T,F,F,T,F,F,T,F
42167,23,35,LOW,2.6,5,11100,F,F,T,T,T,T,F,T,T,T,T,F
43550,29,47,MEDIUM,5,3,10200,T,F,F,T,F,F,T,T,T,T,T,F
18724,47,17,MEDIUM,4.5,8,13500,T,F,T,T,T,F,T,F,T,T,T,F
91019,55,29,LOW,4.3,6,24100,T,F,F,T,T,T,F,F,T,T,T,F
68193,83,24,LOW,3.2,4,29600,F,F,T,T,T,T,T,F,T,F,T,F
35262,31,22,HIGH,5,7,18100,T,F,F,T,T,F,F,F,T,F,T,T
93401,45,25,LOW,3.2,3,29700,T,F,T,T,T,T,F,T,F,T,F,F
15177,29,46,LOW,4.3,5,11700,F,F,T,T,T,T,T,T,T,F,F,F
96173,40,31,LOW,5,4,13800,T,T,F,F,T,T,T,F,T,F,T,F
50180,48,42,MEDIUM,3.2,2,23700,T,T,F,F,T,T,T,T,T,T,F,F
31828,22,17,LOW,3.1,6,12000,T,T,F,F,T,T,T,T,F,F,T,F
62022,49,40,MEDIUM,2.5,2,13300,F,T,F,F,T,T,F,F,T,T,F,F
105225,57,35,MEDIUM,2.8,6,21600,T,T,F,F,T,T,T,F,T,F,F,F
64668,22,49,MEDIUM,2.3,4,11200,T,F,F,F,F,F,T,T,T,T,T,F
53320,57,39,LOW,3.5,3,18200,T,F,T,T,T,T,T,F,F,T,T,F
15068,72,50,HIGH,3.7,5,21400,T,F,T,T,T,F,T,T,T,T,T,T
99849,31,17,MEDIUM,4.7,4,11400,T,T,F,F,T,T,T,F,T,F,T,F
63694,36,29,LOW,4.3,5,11700,T,F,F,T,T,T,T,F,T,F,T,F
24874,86,46,MEDIUM,3.8,2,26700,F,F,T,T,T,T,F,F,T,F,F,T
104988,88,39,MEDIUM,5,3,24800,F,T,F,F,T,T,T,F,T,F,T,T
84902,82,50,LOW,3.4,1,29600,F,T,F,F,F,T,T,F,T,F,T,F
96512,42,43,LOW,4.6,1,20500,T,T,F,F,T,F,F,F,T,F,F,F
99575,74,38,LOW,4.2,5,28100,T,T,T,T,F,T,T,F,F,T,T,T
33413,79,39,MEDIUM,4.1,3,20700,T,F,T,T,F,T,F,F,T,T,F,T
57678,69,29,HIGH,2.6,8,24900,F,F,F,F,F,T,T,T,T,T,T,T
89425,77,17,HIGH,5,6,20300,T,F,F,F,T,F,T,T,F,F,T,T
60571,48,29,MEDIUM,4.5,3,18600,T,T,T,T,F,T,T,T,F,T,T,F
76095,47,46,HIGH,4.5,5,11000,T,T,F,T,F,F,T,T,T,T,T,T
48247,30,50,HIGH,4.7,4,11000,F,F,F,T,T,T,T,T,T,T,T,T
88019,67,41,HIGH,5,2,23300,T,T,T,T,T,T,T,T,T,F,T,T
30850,38,34,MEDIUM,4.3,6,19900,T,T,T,F,T,T,T,T,F,F,T,F
66117,75,26,HIGH,3.2,2,27200,F,F,F,F,T,T,T,T,F,T,T,T
97377,42,24,LOW,5,6,12700,T,T,F,F,T,F,T,F,T,T,T,F
101722,57,31,HIGH,3.2,4,29400,F,F,F,F,F,T,T,F,F,T,T,T
43498,62,44,HIGH,4.3,3,17000,F,F,T,T,T,T,T,F,T,T,T,T
44562,73,50,HIGH,5,5,28600,F,F,F,F,F,T,T,F,T,T,T,T
74710,63,30,LOW,3.2,4,27300,T,T,F,T,T,T,T,F,T,T,T,F
85585,47,46,LOW,3.1,7,26300,F,F,F,T,T,T,F,F,T,T,F,F
97287,39,49,HIGH,2.5,2,13800,T,F,F,F,F,F,F,T,F,T,T,T
19268,47,29,MEDIUM,2.8,3,11000,T,F,T,T,T,T,T,T,T,T,T,F
50150,47,27,MEDIUM,2.3,1,18800,T,F,T,F,T,T,F,F,F,F,T,F
67455,69,40,LOW,3.5,1,19300,F,F,T,T,T,F,T,T,T,T,T,F
16350,60,16,LOW,3.7,5,22900,F,F,F,F,T,T,T,F,T,F,T,F
42778,31,17,MEDIUM,4.7,3,15500,F,F,F,F,F,F,T,F,T,T,T,F
98181,43,24,MEDIUM,4.3,8,21900,F,T,F,F,T,T,T,T,T,T,F,F
106522,37,22,HIGH,3.8,6,14500,F,T,F,T,F,F,T,F,T,T,T,T
36278,55,40,MEDIUM,5,4,20400,F,T,T,T,F,T,T,T,T,T,T,F
26130,39,45,HIGH,3.4,7,18400,T,T,F,F,T,T,F,F,T,T,T,T
57851,58,43,MEDIUM,4.6,3,18700,T,T,T,T,T,F,T,F,T,F,F,F
81971,44,17,MEDIUM,4.2,5,28200,F,T,F,F,T,T,T,T,F,F,T,F
57068,87,42,HIGH,4.1,4,20900,F,F,T,T,T,T,T,T,T,T,T,T
69122,55,34,LOW,2.6,2,29300,T,T,F,T,T,T,T,T,T,T,T,F
68489,45,18,HIGH,5,6,24900,F,F,F,F,F,T,T,T,F,T,T,T
46471,63,23,HIGH,4.5,2,17100,F,F,F,F,T,T,T,T,T,T,T,T
88359,53,21,LOW,4.5,3,19100,F,F,T,T,T,T,T,F,T,F,F,F
44294,50,18,MEDIUM,4.5,1,16300,T,F,F,F,F,F,T,F,T,T,T,F
95604,23,44,HIGH,4.7,1,11600,T,F,F,F,F,F,F,F,F,T,T,T
103596,21,26,LOW,5,5,12300,T,T,T,T,T,T,T,F,T,T,T,F
103473,28,26,HIGH,4.3,3,12100,T,T,T,T,F,T,T,T,T,T,T,T
94467,60,49,MEDIUM,3.2,8,16600,T,T,F,F,F,F,T,T,F,T,T,F
38097,27,19,MEDIUM,5,6,11700,T,F,F,F,F,F,F,F,F,F,T,F
49632,45,21,LOW,3.2,4,21700,T,T,F,T,T,T,T,T,F,T,F,F
82558,83,22,LOW,4.3,7,27500,F,F,T,T,T,F,F,F,T,T,T,T
50324,72,16,MEDIUM,5,3,28900,F,F,T,T,T,T,T,F,F,T,T,T
38468,56,23,LOW,3.2,4,18300,T,T,T,T,T,T,T,F,T,T,T,F
38055,48,25,LOW,3.1,3,22600,T,F,F,F,T,T,T,T,T,F,T,F
74876,44,45,MEDIUM,2.5,5,17100,F,T,F,F,T,F,T,T,T,T,F,F
18079,69,32,LOW,2.8,2,19800,F,F,T,T,T,T,F,F,T,T,T,F
16316,58,22,HIGH,2.3,2,23300,T,F,F,F,F,T,T,F,F,F,T,T
37166,81,23,LOW,3.5,6,21600,F,T,F,F,T,F,T,T,F,F,T,F
18334,53,43,MEDIUM,3.7,4,25900,F,F,T,T,F,T,F,F,T,T,F,F
102645,60,23,LOW,4.7,3,17200,T,T,F,T,T,T,T,T,T,T,T,F
101100,38,42,LOW,4.3,5,16600,T,T,F,T,F,F,F,F,T,T,T,F
64861,61,49,MEDIUM,3.8,4,27200,T,T,T,T,F,F,T,T,T,T,F,F
19041,69,23,LOW,5,5,21100,F,T,F,F,T,T,T,T,F,F,T,F
85771,34,36,LOW,3.4,2,15700,T,T,T,T,T,T,F,F,T,T,F,F
79303,67,19,MEDIUM,4.6,3,17000,T,T,T,T,T,T,T,T,F,F,T,F
92675,46,47,HIGH,4.2,1,18100,F,F,T,T,T,T,T,T,T,T,T,T
71690,65,18,MEDIUM,4.1,1,29300,T,T,T,T,T,F,T,F,F,F,T,F
86350,63,49,LOW,2.6,5,18200,F,F,F,T,F,T,T,F,T,T,T,F
88260,27,34,LOW,5,3,12000,F,F,F,F,T,T,T,F,T,T,T,F
86759,46,34,LOW,4.5,8,14800,T,F,F,F,T,T,T,F,T,T,T,F
49861,51,32,MEDIUM,4.3,6,20300,F,F,F,F,T,F,T,T,T,T,T,F
21543,62,27,HIGH,3.2,4,28900,F,F,F,F,F,T,F,F,T,T,T,T
70481,71,30,HIGH,5,7,29800,F,F,F,F,T,F,T,T,F,T,T,T
29944,62,18,MEDIUM,3.2,3,29800,T,T,T,T,F,F,T,T,F,F,T,F
46054,48,46,LOW,4.3,5,15000,F,F,F,T,F,F,T,F,T,T,F,F
61329,52,49,LOW,5,4,17200,T,F,T,T,T,T,T,T,T,F,T,F
24566,87,34,LOW,3.2,2,24300,T,F,F,F,T,T,F,T,F,T,F,F
58768,23,16,HIGH,3.1,6,10800,T,F,T,T,T,T,F,F,T,T,T,T
71343,36,38,MEDIUM,2.5,2,13700,T,F,F,F,F,F,T,F,T,T,T,F
55418,51,23,LOW,2.8,6,16800,T,T,T,T,T,T,T,F,T,F,T,F
18228,63,41,MEDIUM,2.3,4,17700,T,T,F,T,T,T,T,F,T,T,T,F
37305,67,49,LOW,3.5,3,18200,T,T,F,T,T,T,T,T,T,T,T,F
30243,29,33,MEDIUM,3.7,5,11500,F,T,F,F,F,F,F,F,T,T,F,F
59599,67,28,MEDIUM,4.7,4,18700,T,T,T,T,F,F,T,F,T,T,T,F
61869,42,46,MEDIUM,4.3,7,12100,T,T,F,F,F,F,F,F,T,F,T,F
10360,48,20,HIGH,3.8,2,13400,T,T,F,F,F,F,T,F,F,T,T,T
83338,51,41,MEDIUM,5,3,18500,F,F,T,T,T,T,T,T,T,T,T,F
39080,83,36,LOW,3.4,1,21000,F,F,F,T,T,T,T,F,F,T,T,F
84799,43,21,LOW,4.6,1,17600,F,T,T,T,T,T,T,T,T,T,T,F
51979,26,16,LOW,4.2,5,11100,T,T,F,F,F,F,T,F,T,T,F,F
40505,62,50,LOW,4.1,3,25400,F,F,T,T,T,T,F,T,T,T,F,T
37098,29,37,LOW,2.6,8,14100,F,T,T,T,T,T,T,T,T,F,T,F
29524,65,37,MEDIUM,5,6,25100,T,T,F,F,T,T,T,F,T,T,T,F
63452,42,48,MEDIUM,4.5,4,12000,T,F,F,F,F,F,T,T,T,T,T,F
20158,87,43,HIGH,4.5,7,29000,T,F,T,T,T,T,T,F,F,T,F,T
70182,29,18,LOW,4.7,3,12200,T,F,F,T,F,T,T,T,T,T,T,F
56034,40,16,MEDIUM,5,5,14100,F,F,F,F,F,F,T,F,F,F,T,F
44235,72,41,MEDIUM,4.3,4,23200,T,F,T,T,T,F,F,T,T,T,F,T
96881,23,39,LOW,3.2,2,11900,T,F,F,F,F,F,F,T,T,T,F,F
27166,45,44,MEDIUM,5,6,25100,T,T,T,T,T,T,T,F,T,T,F,F
39884,54,21,MEDIUM,3.2,2,29700,T,F,T,T,T,T,F,F,T,T,T,F
95141,61,37,LOW,4.3,3,20900,T,T,T,T,T,T,F,F,T,F,T,F
28110,42,21,LOW,5,1,12100,T,T,T,T,F,T,T,F,T,T,T,F
85259,32,22,LOW,3.2,1,11000,T,T,T,T,F,F,T,F,T,F,T,F
14996,72,17,MEDIUM,3.1,5,26100,F,F,F,T,F,T,T,F,F,T,F,T
55652,26,20,LOW,2.5,3,14100,T,F,F,F,F,F,T,F,F,F,T,F
43964,62,24,MEDIUM,2.8,8,18500,T,T,F,F,T,T,F,F,T,F,F,F
51183,78,25,MEDIUM,2.3,6,23100,T,T,T,T,T,T,T,T,T,T,T,T
29310,71,22,MEDIUM,3.5,4,28900,T,F,T,T,T,T,F,F,T,T,T,T
21187,31,36,HIGH,3.7,7,15400,F,T,T,T,T,F,T,F,T,T,T,T
83536,40,22,MEDIUM,4.7,3,11600,T,F,T,T,T,F,T,F,F,T,F,F
95887,47,27,MEDIUM,2.3,5,12500,T,T,F,F,F,F,T,T,T,T,F,F
88176,61,31,LOW,3.5,4,28300,T,T,T,T,F,T,F,T,T,T,F,F
65418,79,48,MEDIUM,3.7,2,24600,T,F,T,T,T,T,F,T,T,T,T,T
27766,35,34,LOW,4.7,6,18900,T,T,T,T,T,F,T,T,T,F,T,F
66191,45,35,MEDIUM,4.3,2,22600,T,F,T,T,F,F,T,T,T,F,F,F
108764,43,27,MEDIUM,3.8,6,10200,T,F,F,F,F,F,F,T,F,T,F,F
12782,87,31,HIGH,5,4,20300,T,F,F,F,T,F,T,T,T,T,F,T
75118,74,49,HIGH,3.4,3,22200,T,F,T,T,T,T,T,T,T,T,F,T
58188,59,19,LOW,4.6,5,29900,T,T,T,T,T,T,T,T,F,F,T,T
95479,80,32,HIGH,4.2,4,22700,T,T,F,T,T,T,F,T,T,T,T,T
59439,89,24,MEDIUM,4.1,5,22000,T,F,T,T,T,F,T,F,T,F,T,T
104903,77,30,MEDIUM,2.6,2,28200,T,T,T,T,T,T,F,F,T,F,F,T
44825,29,50,LOW,5,3,12600,F,F,T,T,T,T,T,T,F,T,T,F
71887,41,46,MEDIUM,4.5,1,14700,F,F,F,F,F,F,F,F,F,T,T,F
18708,59,35,MEDIUM,4.5,1,25900,T,F,F,F,F,F,T,F,F,T,F,F
74423,63,18,MEDIUM,4.5,5,20000,T,T,T,T,T,F,T,F,T,T,F,F
97967,82,48,MEDIUM,4.7,3,27600,T,T,T,T,T,T,T,F,F,T,F,T
20386,50,32,HIGH,5,8,15400,T,F,T,T,T,T,T,F,T,T,T,T
77218,42,34,LOW,4.3,6,16500,T,T,F,F,F,F,F,F,F,F,T,F
80137,63,33,MEDIUM,3.2,3,22200,T,T,T,T,T,T,T,T,T,T,F,F
84092,65,48,LOW,5,5,22000,T,T,T,T,F,T,F,F,F,F,T,F
58914,84,50,LOW,3.2,4,25500,T,T,T,T,F,T,T,T,T,T,T,F
16287,67,16,MEDIUM,4.3,2,25800,T,T,T,T,T,T,F,F,T,F,T,F
86044,33,30,LOW,5,6,13900,T,T,F,F,F,F,F,T,T,T,T,F
36927,33,35,HIGH,3.2,2,11100,T,T,F,T,F,F,T,T,T,T,F,T
93304,48,34,LOW,3.1,6,28200,T,T,T,T,F,T,T,F,T,T,F,F
66988,39,43,LOW,2.5,4,12300,T,T,F,F,F,F,T,T,F,T,T,F
55091,88,19,MEDIUM,2.8,3,24400,T,T,T,T,T,F,T,T,T,T,F,T
64215,40,42,MEDIUM,2.3,5,15300,T,T,F,F,F,F,T,T,T,F,F,F
28629,45,31,MEDIUM,3.5,4,26200,T,T,T,T,T,F,T,T,T,T,F,F
98383,64,32,MEDIUM,3.7,7,24500,T,T,F,F,F,T,T,T,T,T,F,F
107505,62,32,MEDIUM,4.7,2,25000,T,T,T,T,T,T,T,T,T,T,T,F
99578,51,27,LOW,4.3,3,24300,T,T,T,T,T,T,T,F,T,T,T,F
28979,44,21,HIGH,3.8,1,20100,T,T,F,F,T,T,F,T,T,T,T,T
102733,65,24,MEDIUM,5,1,17200,T,T,T,T,T,T,T,T,F,F,T,F
81690,76,36,LOW,3.4,5,23900,T,T,T,T,T,T,F,F,T,T,T,F
25405,82,36,LOW,4.6,3,27600,T,T,T,T,T,T,T,T,F,T,T,T
85348,43,24,HIGH,4.2,8,12400,T,T,T,T,T,T,T,T,T,T,T,T
19915,54,21,MEDIUM,4.1,6,15700,T,T,T,T,T,T,T,F,F,F,T,F
99387,48,49,MEDIUM,2.6,4,16500,F,F,T,T,T,T,T,T,T,T,T,F
32380,51,20,LOW,5,7,18900,T,T,F,T,T,T,F,F,T,F,T,F
39914,48,26,LOW,4.5,3,13700,T,T,T,T,T,T,T,T,T,F,T,F
57952,66,48,HIGH,4.3,5,26900,T,T,F,F,T,T,F,T,T,T,T,T
64239,51,22,LOW,3.2,4,15800,T,T,F,F,F,F,F,F,T,T,T,F
38014,52,42,HIGH,5,2,16000,F,F,F,T,F,T,T,T,T,T,F,T
21875,75,17,MEDIUM,3.2,6,25000,T,T,T,T,T,T,F,F,F,F,T,T
37939,51,18,LOW,4.3,2,28300,F,F,T,T,T,T,T,F,T,F,T,F
109061,57,50,MEDIUM,5,3,27800,F,F,T,T,T,T,F,T,T,T,T,F
100754,58,16,HIGH,3.2,1,17100,T,T,F,F,F,T,T,T,F,F,T,T
28313,72,48,MEDIUM,3.1,1,27700,T,T,T,T,T,T,F,T,T,F,T,T
82753,53,42,HIGH,2.5,5,23200,F,F,T,T,T,T,F,F,T,F,T,T
105412,50,29,MEDIUM,2.8,3,18500,T,T,T,T,T,F,T,F,T,T,T,F
42583,43,24,MEDIUM,2.3,8,13300,T,T,T,F,T,T,T,F,T,T,F,F
89233,48,17,LOW,3.5,6,28400,F,F,T,F,T,T,T,T,T,T,T,F
76777,89,28,LOW,3.7,4,26900,T,T,T,T,T,T,F,T,T,T,T,F
16220,51,33,HIGH,4.7,7,15300,T,T,F,F,F,F,T,T,T,T,T,T
17864,87,18,HIGH,4.3,3,28900,T,T,T,T,T,T,F,F,F,F,F,T
87270,41,29,HIGH,3.8,2,21300,T,T,F,F,T,T,F,T,T,T,T,T
34593,68,50,LOW,5,3,26800,T,T,T,T,F,T,F,F,T,T,T,T
67697,69,44,LOW,3.4,1,18200,T,T,T,T,F,T,T,T,T,T,T,F
32302,23,37,LOW,4.6,1,12500,T,T,T,T,T,T,T,T,T,T,T,F
15663,40,45,LOW,4.2,5,19700,T,T,T,T,T,F,T,T,T,T,T,F
108601,40,49,MEDIUM,4.1,3,17100,T,T,T,T,T,T,F,T,F,T,F,F
55951,44,39,LOW,2.6,8,23600,T,T,T,T,T,T,F,T,T,T,T,F
39817,52,49,MEDIUM,5,6,17500,T,T,T,T,T,F,T,T,T,T,T,F
19613,30,45,LOW,4.5,4,11000,T,T,T,T,T,T,T,F,T,T,F,F
71600,27,33,HIGH,4.5,7,12400,T,T,F,F,F,F,F,F,F,F,T,T
96561,36,29,LOW,4.7,3,17000,T,T,T,T,T,T,T,F,T,T,F,F
90861,55,29,MEDIUM,5,5,18600,F,F,T,T,T,T,T,T,T,F,T,F
68501,85,31,HIGH,4.3,4,24000,F,F,T,T,T,T,T,F,F,F,T,T
30132,70,23,MEDIUM,3.2,2,15700,T,T,F,F,F,F,T,F,F,F,T,F
78639,89,48,MEDIUM,5,6,27900,T,T,T,T,T,T,T,T,F,T,F,T
46419,54,27,LOW,4.3,2,20000,T,T,T,T,T,T,T,T,T,T,T,F
50633,45,46,HIGH,3.8,3,19200,T,T,T,T,T,T,T,F,T,T,T,T
11553,81,27,MEDIUM,5,1,28300,T,T,T,T,T,T,T,T,T,T,T,T
65853,56,33,MEDIUM,3.4,1,17500,T,T,T,T,T,T,T,F,T,F,T,F
47547,39,46,MEDIUM,4.6,5,16900,T,T,T,T,T,T,T,F,T,T,T,F
38360,46,27,MEDIUM,4.2,3,14700,T,T,F,F,T,T,T,F,T,T,T,F
107728,59,49,HIGH,4.1,8,26800,F,F,T,T,F,F,F,T,T,T,T,T
30390,82,25,MEDIUM,2.6,6,21400,T,T,T,T,T,T,T,F,T,T,F,T
75815,45,40,LOW,5,4,19200,T,T,T,T,F,T,F,T,T,T,T,F
106288,37,23,HIGH,4.5,7,12300,T,T,F,F,T,T,T,T,T,T,T,T
88596,52,38,MEDIUM,4.5,3,28400,T,T,T,T,T,T,F,F,T,T,T,F
93469,66,16,HIGH,4.7,5,24800,T,T,F,F,F,T,T,F,F,F,T,T
34756,44,18,LOW,5,4,15900,T,T,T,T,T,T,T,F,T,T,T,F
12584,35,29,LOW,4.3,2,17400,T,T,T,T,T,F,F,F,T,F,T,F
107080,46,43,LOW,3.2,6,25100,T,T,F,T,T,T,T,T,T,T,F,F
73651,45,22,MEDIUM,5,2,11700,F,F,T,T,T,T,T,F,T,F,T,F
54180,44,32,MEDIUM,3.2,6,13500,F,F,F,F,F,F,T,T,T,T,T,F
45102,66,16,MEDIUM,4.3,4,28800,T,T,T,T,F,T,T,F,F,F,F,F
85475,55,47,LOW,5,3,24500,T,T,T,T,T,T,F,T,T,F,T,F
78363,36,18,LOW,3.2,5,10600,T,T,F,F,F,F,F,F,T,F,T,F
23718,54,37,HIGH,3.1,4,29700,T,T,F,F,F,T,F,F,F,T,F,T
54152,44,38,LOW,2.5,5,24400,T,T,T,T,F,F,F,T,T,T,T,F
93963,44,21,LOW,2.8,2,25100,F,F,T,F,T,T,T,F,T,T,F,F
35561,42,24,MEDIUM,2.3,3,13300,T,T,T,T,F,T,T,T,T,T,T,F
30371,73,24,LOW,3.5,1,23100,T,T,T,T,T,T,T,T,T,F,T,F
93669,43,37,HIGH,3.7,1,21600,T,T,F,F,T,T,F,F,T,T,T,T
70858,64,46,MEDIUM,4.7,5,17600,F,F,F,F,T,T,T,F,F,F,T,F
103147,40,28,LOW,4.3,3,18100,T,T,F,F,T,T,T,F,T,T,T,F
80198,69,47,LOW,3.8,8,28300,T,T,T,T,T,F,F,T,T,T,T,F
42459,63,47,LOW,5,6,23800,T,T,T,T,F,T,F,T,T,T,F,F
36631,53,16,MEDIUM,3.4,3,22100,T,T,T,T,T,T,T,T,T,T,T,F
43800,65,36,LOW,4.6,5,27900,T,T,F,F,T,F,F,F,T,T,T,T
60240,80,45,MEDIUM,4.2,4,23800,F,F,T,T,T,T,T,T,T,T,F,T
29640,50,27,MEDIUM,4.1,2,17800,F,F,F,F,F,T,F,F,T,T,T,F
109000,43,22,MEDIUM,2.6,6,17800,F,F,F,F,T,T,F,T,T,T,T,F
108739,49,29,MEDIUM,5,2,20800,F,F,F,F,T,T,F,T,T,F,T,F
104165,78,43,LOW,4.5,6,25400,T,T,F,F,T,T,F,T,T,T,T,T
73630,62,25,LOW,4.3,4,19800,T,T,F,F,T,T,F,T,T,T,T,F
25765,77,25,HIGH,3.2,3,30000,T,T,T,T,T,T,F,T,T,T,T,T
84903,76,17,LOW,5,5,29600,T,T,T,T,F,T,T,T,F,F,T,T
99347,53,44,LOW,3.2,4,23100,F,F,F,F,T,T,F,T,T,T,T,F
41157,46,40,MEDIUM,4.3,7,15200,F,F,F,F,F,T,T,F,T,F,T,F
20325,51,24,LOW,5,2,26600,F,F,F,F,F,T,F,F,T,T,T,F
71462,56,42,LOW,3.2,3,26300,F,F,T,T,T,T,F,F,T,T,T,F
91928,38,19,LOW,3.1,1,14300,F,F,F,F,T,T,F,F,F,F,T,F
80306,48,27,MEDIUM,2.5,1,15200,T,T,T,T,F,F,F,T,T,T,T,F
78113,41,22,MEDIUM,2.8,5,23800,T,T,F,F,T,T,F,F,T,F,F,F
95488,56,26,LOW,2.3,3,18100,T,T,T,T,T,T,T,T,T,F,T,F
27720,44,16,LOW,3.5,8,13400,T,T,T,T,F,T,T,T,F,T,T,F
76264,49,16,HIGH,3.7,6,29700,F,F,T,T,T,T,T,F,F,F,T,T
38477,40,38,MEDIUM,4.7,4,16500,F,F,T,T,T,T,T,T,T,T,T,F
43557,24,25,MEDIUM,4.3,7,10800,T,T,T,F,T,T,T,F,T,F,T,F
10609,35,41,HIGH,3.8,3,16700,T,T,F,F,T,T,T,F,F,F,T,T
73259,49,42,LOW,5,5,24700,F,F,F,F,T,T,T,T,T,F,T,F
18920,63,49,MEDIUM,3.4,4,15800,F,F,F,T,T,T,F,F,T,T,T,F
39581,64,49,MEDIUM,4.6,2,27900,F,F,T,T,T,T,T,T,T,T,T,F
14912,67,28,HIGH,4.2,6,28100,F,F,F,F,F,F,F,T,T,T,T,T
80438,62,38,LOW,4.1,2,19600,F,F,F,F,T,T,F,F,T,T,F,F
81034,24,28,HIGH,2.6,3,12800,F,F,F,F,F,F,T,T,T,T,T,T
89250,56,29,MEDIUM,5,1,27900,F,F,F,F,T,T,F,F,T,T,F,F
96982,56,49,LOW,4.5,1,15300,T,T,F,F,F,F,T,T,T,F,T,F
89872,44,40,LOW,4.5,5,19100,T,T,T,T,T,F,T,F,T,T,F,F
71140,66,42,LOW,4.7,3,25800,T,T,T,T,T,F,T,T,T,T,F,T
83650,77,22,MEDIUM,5,8,27000,T,T,T,T,T,T,T,T,F,T,F,T
14891,58,26,MEDIUM,4.3,6,27400,F,F,F,F,T,T,T,F,T,T,T,F
83523,36,40,MEDIUM,3.2,4,17400,T,T,F,F,T,T,T,T,T,T,T,F
48896,61,22,MEDIUM,5,7,17200,F,F,F,F,T,T,T,T,T,T,T,F
68438,69,46,MEDIUM,3.2,3,21700,F,F,F,F,T,T,T,T,T,F,T,F
86681,49,50,HIGH,4.3,4,13500,F,F,F,F,T,T,T,F,T,T,T,T
66267,82,21,MEDIUM,5,3,27300,F,F,T,T,T,F,F,F,F,F,T,T
87975,45,26,LOW,3.2,5,17900,T,T,T,T,T,T,T,F,F,T,F,F
39970,49,22,HIGH,3.1,2,13900,T,T,F,F,F,F,T,T,T,T,T,T
104111,32,20,LOW,2.5,2,12300,T,T,T,T,T,T,T,T,F,T,F,F
92209,75,17,HIGH,2.8,6,22700,F,F,T,T,T,T,T,T,T,T,T,T
66711,55,48,MEDIUM,2.3,4,15400,F,F,F,F,T,T,T,T,T,T,T,F
102215,23,47,MEDIUM,3.5,3,14400,F,F,F,F,F,F,T,T,T,T,T,F
34750,73,48,LOW,3.7,5,27800,F,F,F,F,T,F,T,F,T,F,F,F
62060,48,42,LOW,4.7,4,11100,T,T,F,F,F,F,T,T,T,T,F,F
25524,67,36,LOW,4.3,5,25900,F,F,F,T,F,T,T,T,T,T,F,T
45992,60,49,MEDIUM,3.8,2,16500,T,T,T,T,T,T,T,T,T,T,T,F
47341,54,16,LOW,5,3,20300,T,T,T,T,F,T,T,F,F,F,T,F
67799,69,16,LOW,3.4,1,21300,T,T,T,T,F,T,T,F,F,F,T,F
47136,48,43,MEDIUM,4.6,1,24400,T,T,T,T,T,T,T,T,F,T,T,F
17375,78,22,HIGH,4.2,5,21800,T,T,F,F,T,T,T,T,T,T,T,T
40789,35,16,MEDIUM,4.1,3,12800,F,F,F,F,T,T,T,F,F,F,T,F
27673,75,36,MEDIUM,2.6,8,29000,F,F,F,F,F,F,F,T,T,T,T,T
45375,43,50,LOW,5,6,25100,F,F,T,T,F,T,T,T,T,T,F,T
58341,37,38,MEDIUM,4.5,4,12900,F,F,F,F,T,T,T,T,T,T,T,F
37523,56,16,LOW,4.5,7,25200,F,F,F,F,T,T,F,F,F,F,T,T
84042,23,27,MEDIUM,4.5,3,14200,F,F,F,F,F,F,T,T,T,T,T,F
64561,73,33,MEDIUM,4.7,5,28200,T,T,T,T,T,T,T,T,T,T,F,T
71078,69,31,LOW,5,4,23800,T,T,T,T,T,T,T,T,T,T,T,F
43044,85,32,MEDIUM,4.3,2,21700,F,F,T,T,T,T,T,F,T,F,T,T
32369,66,21,HIGH,3.2,6,23500,T,T,F,T,T,T,T,T,T,T,T,T
31552,88,17,LOW,5,2,23700,F,F,T,T,T,T,T,F,T,F,T,F
41805,44,25,MEDIUM,3.2,6,16300,F,F,F,T,F,F,T,T,F,T,T,F
46686,33,34,HIGH,4.3,4,17500,F,F,F,F,T,T,T,T,T,T,F,T
95896,81,21,LOW,5,3,29100,F,F,F,F,T,T,F,T,T,T,T,T
63829,35,45,LOW,3.2,5,13100,T,T,F,F,T,F,T,T,T,T,T,F
84180,28,47,HIGH,3.1,4,12800,T,T,F,F,F,F,T,T,T,T,F,T
91972,73,18,LOW,2.5,7,26700,T,T,T,T,F,T,F,F,F,F,F,F
40542,57,42,LOW,2.8,2,16300,T,T,T,T,T,T,T,T,T,T,T,F
44452,42,30,LOW,2.3,3,11900,T,T,T,T,T,F,T,F,T,F,T,F
87151,72,30,HIGH,3.5,1,21400,T,T,T,T,F,T,F,T,F,T,F,T
23501,69,49,MEDIUM,3.7,1,23000,T,T,T,T,T,T,F,T,F,T,T,F
25387,49,36,LOW,4.7,5,14900,T,T,F,F,T,T,T,T,T,T,T,F
96584,53,39,MEDIUM,4.3,3,26600,T,T,F,F,T,T,T,F,T,F,T,F
15306,45,41,MEDIUM,3.8,8,16500,T,T,F,F,F,F,T,T,T,T,T,F
93920,55,18,LOW,5,6,16100,F,F,F,F,F,F,F,T,T,T,F,F
103316,37,46,MEDIUM,3.4,4,17900,F,F,F,F,T,T,T,T,T,T,F,F
17110,23,45,MEDIUM,4.6,7,14700,T,T,F,F,F,F,T,T,T,T,T,F
71652,34,29,LOW,4.2,3,13300,F,F,F,F,F,F,T,T,T,T,F,F
67211,44,43,LOW,4.1,5,23600,F,F,F,F,T,T,T,T,T,T,F,F
88886,53,25,LOW,2.6,4,15300,F,F,F,F,T,T,T,T,T,T,T,F
29224,80,16,LOW,5,2,24900,F,F,T,T,T,F,F,F,F,F,T,F
46005,51,32,LOW,4.5,6,26200,T,T,F,F,T,T,T,F,T,F,F,T
43111,31,27,MEDIUM,4.3,2,11400,T,T,F,F,T,T,T,T,T,T,T,F
18126,28,19,LOW,3.2,3,14200,T,T,F,F,T,T,F,F,F,F,T,F
87101,25,23,HIGH,5,1,15000,T,T,T,T,F,T,T,F,F,F,T,T
102934,49,45,HIGH,3.2,1,29400,F,F,T,T,T,T,F,F,T,F,T,T
100328,23,36,HIGH,4.3,5,10700,F,F,F,F,F,F,T,T,F,T,T,T
94108,66,42,MEDIUM,5,3,18500,F,F,T,T,T,T,F,T,T,T,F,F
47913,52,25,HIGH,3.2,8,28900,F,F,T,T,T,T,F,T,T,T,T,T
17809,59,20,LOW,3.1,6,27100,F,F,F,F,T,T,T,T,T,T,T,F
45019,59,48,LOW,2.5,4,19800,F,F,F,F,T,T,T,T,T,T,T,F
55552,32,50,LOW,2.8,7,19800,F,F,F,F,T,T,T,F,F,F,T,F
92883,52,27,LOW,2.3,3,24500,F,F,F,F,T,T,T,F,T,F,T,F
89649,66,24,HIGH,3.5,5,28200,T,T,F,F,T,T,T,F,F,F,T,T
38063,67,16,MEDIUM,3.7,4,29400,T,T,T,T,T,T,F,F,F,F,T,F
11230,43,42,MEDIUM,4.7,2,24400,T,T,F,F,T,T,T,T,F,T,T,F
89302,24,39,LOW,4.3,6,12000,T,T,T,T,T,T,T,T,F,T,T,F
35707,72,42,MEDIUM,3.8,2,25300,T,T,F,F,T,T,T,T,F,T,T,T
90264,41,18,LOW,5,6,24300,T,T,F,F,T,T,T,F,F,F,T,F
79875,50,39,HIGH,3.4,4,19800,F,F,T,T,T,T,T,T,T,T,T,T
74463,68,36,LOW,4.6,3,25400,F,F,F,F,F,T,T,T,T,T,T,T
56258,33,48,LOW,4.2,5,14500,F,F,T,T,T,T,F,F,T,F,T,F
81836,37,48,HIGH,4.1,4,11800,F,F,T,T,F,T,T,T,F,T,T,T
95026,44,29,MEDIUM,2.6,5,13400,F,F,F,F,T,T,T,T,F,T,T,F
87482,33,38,LOW,5,2,14200,T,T,T,T,F,T,F,F,T,F,T,F
20556,22,18,LOW,4.5,3,13900,F,F,F,F,T,F,T,F,F,F,T,F
68058,69,22,MEDIUM,4.5,1,29000,T,T,T,T,T,T,F,T,F,T,F,F
23845,41,47,LOW,4.7,1,15400,T,T,T,T,T,F,T,T,T,T,T,F
39952,69,37,LOW,5,5,15900,T,T,F,F,F,F,T,T,T,T,F,F
33172,42,48,LOW,4.3,3,19700,F,F,F,F,T,T,T,F,T,F,F,F
71254,73,45,HIGH,3.2,8,29400,F,F,F,F,F,T,T,F,T,F,T,T
36190,41,18,HIGH,5,6,15500,F,F,F,F,F,F,T,F,T,F,T,T
15099,33,16,LOW,3.2,3,15700,F,F,F,T,F,F,T,F,F,F,F,F
100256,22,33,HIGH,4.3,5,12800,T,T,F,F,F,F,F,T,T,T,F,T
51384,48,47,MEDIUM,5,4,11200,T,T,T,T,T,T,T,T,F,T,F,F
54190,41,24,MEDIUM,3.2,2,19300,T,T,T,T,T,T,T,T,T,T,T,F
84756,63,32,LOW,3.1,6,28300,T,T,T,T,T,T,T,T,F,T,T,F
28755,33,25,HIGH,2.5,2,11000,F,F,T,T,T,T,T,F,F,F,T,T
73480,21,41,HIGH,2.8,6,13500,T,T,F,F,F,F,T,T,T,T,T,T
86217,37,43,LOW,2.3,4,14300,F,F,F,F,F,F,T,F,T,F,F,F
91055,45,23,LOW,3.5,3,15200,F,F,T,T,T,T,T,F,T,F,F,F
80297,67,21,HIGH,3.7,5,19500,T,T,T,T,T,T,T,T,F,T,T,T
42381,34,31,MEDIUM,4.7,4,13100,T,T,F,T,F,F,F,T,F,T,T,F
80954,28,45,MEDIUM,2.3,7,14800,T,T,F,F,F,F,T,T,T,T,F,F
106531,54,19,MEDIUM,3.5,2,24500,F,F,T,T,F,T,T,F,F,F,F,F
78030,68,38,LOW,3.7,3,22100,F,F,T,T,T,T,F,F,T,F,T,F
103139,43,20,MEDIUM,4.7,1,24400,F,F,F,F,T,T,F,F,T,F,T,F
17939,33,46,MEDIUM,4.3,1,16900,T,T,T,T,F,T,T,T,T,T,T,F
42056,38,30,LOW,3.8,5,13900,T,T,F,F,T,T,F,T,F,T,T,F
23419,84,24,MEDIUM,5,3,21000,T,T,F,F,T,T,F,T,T,T,T,T
48783,36,50,LOW,3.4,8,16500,F,F,F,F,F,F,T,F,T,F,T,F
98204,34,18,HIGH,4.6,6,12700,F,F,F,T,F,F,T,F,T,F,F,T
67063,41,46,LOW,3.2,4,23300,F,F,F,F,T,T,F,F,F,F,F,F
77335,58,40,MEDIUM,3.1,7,29800,T,T,T,F,T,T,F,T,T,T,T,F
32594,87,16,LOW,2.5,3,26200,T,T,T,T,T,T,T,T,T,T,T,F
24493,56,45,LOW,2.8,5,28600,F,F,F,T,T,T,T,F,F,F,T,F
72248,68,28,MEDIUM,2.3,4,17400,T,T,F,F,T,T,T,T,T,T,T,F
79039,81,46,LOW,3.5,2,25400,T,T,T,T,T,T,T,T,T,T,T,F
58803,29,39,HIGH,3.7,6,13500,F,F,F,T,F,F,T,F,T,F,T,T
87066,42,23,LOW,4.7,2,25400,T,T,F,F,T,T,T,T,F,T,F,F
60159,42,47,LOW,4.3,3,11600,T,T,F,F,F,F,T,T,T,T,T,F
15629,70,37,MEDIUM,3.8,1,27700,T,T,T,T,F,T,T,T,F,T,F,F
38608,52,21,LOW,5,1,24400,F,F,T,T,T,F,T,F,T,F,T,F
18143,58,36,MEDIUM,3.4,5,15900,F,F,T,T,F,T,T,F,T,F,F,F
22316,59,20,MEDIUM,4.6,3,18000,F,F,F,F,T,T,F,F,T,F,T,F
40743,53,24,LOW,4.2,8,19200,T,T,T,F,T,T,T,T,T,T,T,F
79305,62,31,HIGH,4.1,6,22200,F,F,T,T,T,T,F,F,T,F,T,T
83439,61,43,LOW,2.6,4,24300,F,F,T,T,T,T,F,F,F,F,T,F
16342,82,29,LOW,5,7,22700,F,F,T,T,T,T,T,F,T,F,T,F
75971,66,44,LOW,4.5,4,19800,F,F,F,F,T,T,T,F,T,F,T,F
31046,34,25,MEDIUM,4.5,3,19700,T,T,F,T,F,F,T,T,F,T,T,F
13722,37,19,LOW,4.5,5,18100,F,F,T,F,T,F,T,F,F,F,F,F
93467,86,27,LOW,4.7,4,25200,F,F,F,F,T,T,T,F,T,F,F,T
40208,52,40,MEDIUM,5,5,28900,F,F,F,F,F,T,T,F,T,F,T,F
41132,52,42,HIGH,4.3,2,19900,T,T,F,F,T,T,T,T,T,T,T,T
64596,49,28,MEDIUM,3.2,3,24500,F,F,T,T,T,F,T,F,F,F,T,F
46539,79,23,HIGH,5,1,20400,T,T,F,T,T,T,T,T,F,T,F,T
40690,48,45,MEDIUM,3.2,1,24800,F,F,F,F,F,T,T,F,T,F,T,F
51916,39,23,MEDIUM,4.3,5,14000,F,F,F,T,T,F,T,F,T,F,T,F
21814,20,23,LOW,5,3,12200,T,T,F,T,F,F,T,T,T,T,F,F
31011,61,16,LOW,3.2,8,27100,F,F,T,F,F,F,F,F,F,F,F,F
24210,48,50,LOW,3.1,6,18300,F,F,F,F,F,T,T,F,T,F,F,F
10902,88,47,LOW,2.5,4,25300,F,F,T,F,T,T,F,F,T,F,T,F
106649,49,22,LOW,2.8,7,13700,T,T,T,T,T,F,T,T,F,T,T,F
31033,57,47,LOW,2.3,3,17800,T,T,T,T,T,T,F,T,T,T,F,F
68006,43,19,LOW,3.5,5,27800,F,F,T,T,T,T,T,F,T,F,T,F
47638,29,41,MEDIUM,3.7,4,10200,T,T,F,F,F,F,T,T,T,T,T,F
18953,34,17,LOW,4.7,2,11000,T,T,T,T,T,T,T,T,F,T,F,F
21347,32,24,HIGH,4.3,6,15900,T,T,T,T,F,T,T,T,T,T,T,T
38600,79,48,LOW,3.8,2,22500,T,T,T,T,T,T,F,T,T,T,T,F
104830,48,28,MEDIUM,5,6,13400,F,F,T,T,T,T,T,F,F,F,T,F
56452,57,48,HIGH,3.4,4,25700,F,F,T,T,T,T,T,F,T,F,T,T
18030,72,29,LOW,4.6,3,28400,T,T,F,F,T,T,T,T,T,T,T,T
72901,37,39,HIGH,4.2,5,13200,T,T,T,T,T,F,T,T,T,T,T,T
104554,26,21,MEDIUM,4.1,4,10900,T,T,F,F,F,F,T,T,F,T,F,F
93162,90,25,LOW,2.6,7,20500,T,T,F,F,T,T,T,T,F,T,F,F
54313,56,22,MEDIUM,5,2,27600,F,F,T,T,T,T,T,F,F,F,T,F
89485,41,28,MEDIUM,4.5,3,25300,T,T,T,T,F,T,T,T,T,T,T,F
61309,33,44,HIGH,4.3,1,18100,F,F,F,F,T,T,F,F,T,F,T,T
73441,27,20,LOW,3.2,1,12800,F,F,T,T,T,T,T,F,F,F,T,F
10717,66,23,LOW,5,5,18900,F,F,F,F,T,T,T,F,F,F,T,F
27694,23,41,LOW,3.2,3,14700,T,T,F,F,F,F,T,T,T,T,T,F
69380,63,40,HIGH,4.3,8,21600,F,F,T,T,T,T,F,F,T,F,F,T
26885,42,28,MEDIUM,5,6,13200,F,F,F,F,F,F,T,F,T,F,T,F
90730,38,36,MEDIUM,3.2,4,14600,T,T,F,F,F,F,T,T,T,T,F,F
69110,25,16,MEDIUM,3.1,7,14800,T,T,F,F,F,F,F,T,F,T,F,F
86612,82,27,LOW,2.5,3,24900,F,F,T,T,T,T,T,F,T,F,F,F
93353,40,40,LOW,2.8,5,22500,T,T,F,F,T,T,F,T,T,T,T,F
25311,56,24,LOW,2.3,4,29400,F,F,T,T,T,T,F,F,T,F,T,F
81487,52,25,HIGH,3.5,2,18500,T,T,T,T,F,F,T,T,T,T,T,T
18331,65,20,LOW,3.7,6,27400,T,T,T,T,F,T,F,T,T,T,F,F
84148,43,22,HIGH,4.7,2,20900,T,T,T,F,T,F,F,T,F,T,T,T
83500,56,21,LOW,4.3,3,28300,T,T,F,F,T,T,T,T,F,T,F,T
29316,34,39,LOW,3.8,1,10800,T,T,F,F,F,F,T,T,T,T,T,F
82173,64,22,MEDIUM,5,1,27800,T,T,T,T,T,F,T,T,F,T,F,F
62264,40,26,LOW,3.4,5,18200,T,T,T,T,T,T,T,T,T,T,F,F
14875,84,36,HIGH,4.6,3,29700,F,F,T,T,T,F,F,F,T,F,T,T
73594,46,41,HIGH,4.2,8,12100,T,T,T,T,T,T,T,T,T,T,F,T
79384,23,45,LOW,4.1,6,12600,F,F,T,T,T,T,T,F,F,F,T,F
63138,31,22,HIGH,2.6,4,17100,T,T,F,F,F,T,T,T,F,T,T,T
58144,56,38,LOW,5,7,29100,T,T,T,F,F,T,T,T,T,T,T,T
103446,67,23,LOW,4.5,3,17100,F,F,T,T,T,T,T,F,T,F,T,F
28994,42,18,MEDIUM,4.5,5,18500,F,F,T,T,T,T,T,F,F,F,T,F
72298,60,25,MEDIUM,4.7,4,17600,T,T,F,F,T,F,T,T,T,T,T,F
69884,48,30,MEDIUM,5,2,21800,F,F,F,F,T,T,T,F,T,F,F,F
68119,27,25,HIGH,4.3,6,12900,F,F,F,T,T,T,T,F,T,F,F,T
14692,31,19,LOW,3.2,2,14400,T,T,F,F,T,T,F,T,T,T,T,F
52530,34,35,MEDIUM,5,6,18400,T,T,T,F,T,T,T,T,T,T,T,F
28803,21,38,HIGH,3.2,4,13200,T,T,F,T,F,F,T,T,F,T,T,T
86983,48,17,LOW,4.3,3,20200,F,F,T,T,T,T,F,F,F,F,F,F
72454,52,27,MEDIUM,5,5,25900,T,T,T,T,T,F,F,T,T,T,F,F
50551,23,27,LOW,3.2,4,13500,T,T,F,F,F,T,T,T,T,T,T,F
92868,79,40,HIGH,3.1,5,25000,T,T,F,F,F,T,F,T,T,T,T,T
20991,33,25,LOW,2.5,2,10500,T,T,F,F,F,F,T,T,T,T,T,F
98352,35,36,LOW,2.8,3,13300,T,T,T,T,F,T,T,T,F,T,T,F
30239,63,17,LOW,2.3,1,16100,T,T,T,T,T,T,T,T,T,T,T,F
15882,48,20,MEDIUM,3.5,1,14700,T,T,F,F,F,F,T,T,T,T,T,F
30989,31,50,LOW,3.7,5,19900,T,T,T,T,T,T,T,T,T,T,F,F
107499,73,28,MEDIUM,4.7,3,24800,T,T,T,T,T,T,F,T,T,T,T,T
70336,20,20,MEDIUM,2.3,8,12200,T,T,T,T,T,T,T,T,T,T,T,F
47598,52,40,LOW,3.5,6,23900,T,T,T,T,T,F,F,T,T,T,F,F
17590,56,49,LOW,3.7,3,17200,T,T,T,T,T,T,T,T,T,T,T,F
20260,77,21,HIGH,4.7,5,21300,F,F,F,F,T,T,T,F,T,F,F,T
50531,31,36,LOW,4.3,4,10700,F,F,F,F,T,T,T,F,T,F,T,F
42653,45,49,LOW,3.8,2,25300,T,T,F,F,T,T,T,T,T,T,T,F
94685,86,29,LOW,5,6,25600,F,F,T,T,T,T,T,F,T,F,T,T
11818,58,48,LOW,3.4,2,29200,F,F,F,F,T,T,T,F,T,F,T,F
25668,23,19,HIGH,4.6,6,13500,F,F,T,T,T,T,F,F,T,F,F,T
53959,61,27,MEDIUM,4.2,4,16800,F,F,F,F,T,F,T,F,T,F,F,F
55992,87,30,MEDIUM,4.1,3,25700,T,T,F,F,T,T,T,T,F,T,T,T
85081,78,29,LOW,2.6,5,20900,T,T,F,F,T,F,F,T,T,T,F,F
104800,50,29,LOW,5,4,26800,T,T,T,T,T,F,T,T,T,T,T,T
92125,42,17,LOW,4.5,7,22800,T,T,F,F,T,T,T,T,T,T,T,F
107314,69,26,MEDIUM,4.5,2,15900,T,T,F,F,F,F,F,T,T,T,T,F
29192,58,29,MEDIUM,4.5,3,21500,F,F,T,T,T,T,T,F,T,F,F,F
90933,65,31,LOW,4.7,1,29900,T,T,T,T,T,T,T,T,T,T,T,F
48749,48,30,LOW,5,1,21100,T,T,T,T,T,T,T,T,F,T,T,F
49658,49,40,LOW,4.3,5,17600,F,F,F,F,T,T,T,F,T,F,F,F
20521,67,44,MEDIUM,3.2,3,28200,T,T,F,F,T,T,F,T,T,T,T,F
75663,83,29,LOW,5,8,23400,F,F,T,T,T,T,T,F,T,F,T,F
65425,24,25,LOW,3.2,6,14300,T,T,T,T,T,F,T,T,T,T,T,F
67133,40,39,HIGH,4.3,4,11800,T,T,F,F,F,T,F,T,T,T,F,T
62455,48,43,LOW,5,7,16800,T,T,T,T,T,T,T,T,F,T,T,F
100255,61,30,HIGH,3.2,3,23100,T,T,T,T,T,T,F,T,T,T,T,T
15590,46,41,MEDIUM,3.1,5,20800,T,T,F,F,T,T,T,T,F,T,T,F
46278,85,40,LOW,2.5,4,23400,F,F,F,F,T,F,T,F,T,F,T,F
12582,46,23,MEDIUM,2.8,2,19600,F,F,T,T,T,F,F,F,F,F,T,F
38723,69,16,HIGH,2.3,6,28400,T,T,T,T,T,F,T,T,F,T,T,T
47251,75,43,LOW,3.5,2,29100,F,F,F,F,T,T,F,F,F,F,F,F
109798,38,33,MEDIUM,3.7,3,17300,T,T,T,T,F,T,T,T,T,T,T,F
59349,58,18,LOW,4.7,1,16200,T,T,F,F,F,F,T,T,T,T,T,F
17830,59,47,LOW,4.3,1,15100,T,T,T,T,T,F,T,T,F,T,T,F
69401,89,25,MEDIUM,3.8,5,22700,T,T,T,F,T,T,F,T,T,T,F,T
103708,45,29,MEDIUM,5,3,28000,T,T,T,F,T,T,F,T,F,T,T,F
27664,45,26,MEDIUM,3.4,8,19500,T,T,T,T,F,T,T,T,F,T,T,F
102206,67,41,LOW,4.6,6,21700,T,T,F,T,T,T,T,T,T,T,T,F
51732,48,33,MEDIUM,4.2,4,15300,F,F,F,T,F,F,T,F,T,F,T,F
28630,56,39,HIGH,4.1,7,15100,T,T,T,T,T,T,T,T,F,T,T,T
36857,50,49,MEDIUM,2.6,3,19100,F,F,T,T,T,T,T,F,T,F,T,F
82419,71,31,HIGH,5,4,26200,F,F,F,F,T,F,T,F,T,F,T,T
103385,40,16,MEDIUM,4.5,3,12500,F,F,F,F,F,F,T,F,F,F,T,F
87793,60,40,MEDIUM,4.3,5,21700,T,T,T,T,F,T,F,T,F,T,F,F
94341,61,17,LOW,3.2,2,16300,T,T,F,T,F,F,F,T,T,T,T,F
19078,61,28,MEDIUM,5,2,20300,T,T,T,T,T,T,T,T,T,T,F,F
109376,66,21,MEDIUM,3.2,6,16400,T,T,T,F,T,T,F,T,T,T,T,F
58235,57,45,MEDIUM,4.3,4,23400,T,T,F,F,T,T,F,T,T,T,F,F
33233,78,28,LOW,5,3,27200,F,F,T,T,T,T,F,F,T,F,T,T
83883,44,47,LOW,3.2,5,17800,T,T,T,T,T,T,F,T,T,T,F,F
69718,79,29,LOW,3.1,4,29400,T,T,T,F,T,T,F,T,T,T,F,F
105829,50,23,HIGH,2.5,5,10900,F,F,T,T,F,T,T,F,T,F,T,T
39221,87,43,LOW,2.8,2,23100,F,F,T,T,T,T,T,F,T,F,T,F
98809,76,19,LOW,2.3,3,20700,T,T,T,T,F,F,F,T,F,T,F,F
14759,71,24,LOW,3.5,1,26600,T,T,F,F,T,T,T,T,T,T,T,F
40659,50,39,LOW,3.7,1,15000,T,T,F,F,F,F,T,T,T,T,T,F
95915,49,35,MEDIUM,4.7,5,11800,T,T,F,F,F,F,T,T,T,T,T,F
47421,67,49,MEDIUM,4.3,3,17400,T,T,T,T,T,T,T,T,T,T,T,F
105601,51,42,LOW,3.8,8,16100,T,T,F,F,F,F,T,T,T,T,T,F
89209,58,19,HIGH,5,6,25400,T,T,T,T,T,T,F,T,T,T,T,T
69754,58,24,MEDIUM,3.4,4,25900,T,T,T,T,T,T,T,T,T,T,T,F
17133,73,22,LOW,4.6,7,21700,T,T,T,T,F,T,F,T,T,T,T,F
11119,45,27,HIGH,4.2,3,12000,T,T,T,T,T,T,T,T,F,T,F,T
57615,47,41,LOW,4.1,5,19700,T,T,T,T,T,T,T,T,T,T,F,F
61270,55,49,LOW,2.6,4,28500,T,T,T,T,T,T,F,T,T,T,T,F
11220,31,27,LOW,5,2,11400,T,T,F,F,F,F,T,T,T,T,F,F
47645,27,35,MEDIUM,4.5,6,13000,T,T,T,T,T,T,T,T,T,T,T,F
32444,54,17,MEDIUM,4.5,2,28200,T,T,T,T,T,T,T,T,F,T,T,F
93037,84,41,MEDIUM,4.7,6,29500,T,T,F,F,T,T,F,T,F,T,T,T
34809,47,38,MEDIUM,5,4,11300,T,T,T,T,T,T,T,T,T,T,T,F
57582,49,39,MEDIUM,4.3,3,29900,T,T,T,T,T,T,T,T,T,T,T,F
59184,39,36,MEDIUM,3.2,5,14900,F,F,T,T,T,T,T,F,T,F,T,F
27682,32,47,HIGH,5,4,15500,T,T,T,T,T,F,T,T,F,T,F,T
56851,46,29,LOW,4.3,7,13400,T,T,F,F,F,F,T,T,T,T,T,F
12312,49,34,LOW,3.8,2,25600,F,F,T,T,F,T,T,F,T,F,T,F
53953,31,48,LOW,5,3,11100,F,F,T,T,T,T,T,F,T,F,T,F
81616,39,21,LOW,3.4,1,12700,T,T,F,F,T,T,T,T,T,T,F,F
37366,45,19,MEDIUM,4.6,1,18800,T,T,T,T,T,T,T,T,F,T,T,F
97512,25,32,HIGH,4.2,5,12800,F,F,T,T,T,T,T,F,T,F,T,T
49769,80,19,LOW,4.1,3,26300,F,F,T,T,T,T,T,T,T,T,T,T
47307,40,45,LOW,2.6,8,11400,T,T,T,T,T,T,T,T,T,T,T,F
25180,53,38,HIGH,5,6,29000,T,T,T,T,T,T,T,T,T,T,T,T
98023,72,20,LOW,4.5,4,20200,T,T,T,T,F,T,T,T,F,T,T,F
32669,51,46,MEDIUM,4.5,7,15600,T,T,T,T,F,T,T,F,T,F,T,F
61255,88,31,MEDIUM,4.7,3,28300,T,T,T,T,T,T,F,T,T,T,F,T
101414,48,38,LOW,5,5,19000,T,T,T,T,T,T,F,T,T,T,T,F
24686,49,28,LOW,4.3,4,27800,T,T,T,T,T,F,F,T,F,T,F,T
37114,40,37,MEDIUM,3.2,2,16200,T,T,F,F,F,F,T,T,F,T,F,F
94790,43,31,LOW,5,6,19800,T,T,T,T,T,T,T,T,F,T,T,F
105007,90,45,LOW,3.2,2,28300,T,T,T,T,T,T,F,T,T,T,F,F
38645,90,20,MEDIUM,4.3,3,21900,T,T,T,F,T,F,F,F,F,F,F,T
37567,81,46,LOW,5,1,26400,F,F,T,T,F,T,T,T,T,T,T,F
62993,56,45,LOW,3.2,1,27800,T,T,T,T,T,T,T,T,T,T,T,F
12547,37,35,LOW,3.1,5,16800,T,T,F,F,F,F,T,T,T,T,T,F
106654,67,44,HIGH,2.5,3,19000,T,T,T,T,F,T,T,T,T,T,T,T
59389,24,29,LOW,2.8,8,14500,T,T,F,F,T,T,T,T,T,T,T,F
104327,45,45,HIGH,2.3,6,28000,T,T,F,F,T,T,F,T,T,T,T,T
87250,47,43,LOW,3.5,4,11700,F,F,T,T,T,T,T,T,T,T,T,F
27371,65,25,HIGH,3.7,7,26400,T,T,T,T,F,T,T,T,F,T,T,T
91545,54,45,LOW,4.7,3,22800,T,T,T,T,T,T,T,T,T,T,T,F
71276,24,45,LOW,4.3,5,10300,T,T,F,F,F,F,T,T,T,T,T,F
109551,70,35,MEDIUM,3.8,4,23500,T,T,T,T,T,F,F,T,T,T,T,F
50961,69,16,MEDIUM,5,2,16600,T,T,T,T,T,F,T,T,T,T,T,F
72979,76,18,HIGH,3.4,6,23200,T,T,T,T,F,T,T,T,T,T,F,T
50104,45,23,MEDIUM,4.6,2,13800,T,T,T,T,T,F,T,F,F,F,T,F
13893,63,19,LOW,4.2,6,17200,F,F,F,F,F,T,T,T,F,T,T,F
12800,68,49,LOW,4.1,4,23000,T,T,T,T,T,T,T,F,T,F,T,F
89460,41,16,MEDIUM,2.6,3,15300,T,T,F,T,F,F,T,F,T,F,F,F
63779,24,48,HIGH,5,5,11300,T,T,T,T,T,T,T,T,T,T,T,T
29483,46,16,HIGH,4.5,4,25400,T,T,T,T,T,T,T,F,T,F,T,T
83127,46,21,HIGH,4.3,5,21100,T,T,T,F,T,T,T,F,F,F,T,T
96371,61,37,MEDIUM,3.2,2,21100,T,T,T,F,T,T,T,T,T,T,T,F
66886,47,41,MEDIUM,5,3,25100,T,T,T,T,T,T,T,F,T,F,T,F
66940,57,35,LOW,3.2,1,22100,T,T,T,T,T,T,F,T,F,T,F,F
36191,37,24,HIGH,4.3,1,11400,T,T,T,T,F,F,T,F,F,F,T,T
29625,40,43,MEDIUM,5,5,20300,T,T,T,T,T,T,T,T,T,T,T,F
93393,81,37,MEDIUM,3.2,3,27100,F,F,T,T,T,F,T,F,T,F,T,T
60890,50,28,LOW,3.1,8,15800,F,F,F,F,F,F,T,T,F,T,F,F
18464,45,22,LOW,2.5,6,24300,T,T,F,F,T,T,T,T,T,T,T,F
75130,41,33,HIGH,2.8,3,10500,T,T,T,T,T,F,T,F,T,F,T,T
64281,22,47,LOW,2.3,5,11000,T,T,F,F,F,F,F,F,F,F,T,F
84937,84,43,HIGH,3.5,4,25500,T,T,T,T,T,F,T,F,T,F,T,T
58388,69,39,HIGH,3.7,2,23800,T,T,T,T,T,F,T,T,T,T,T,T
106314,28,37,MEDIUM,4.7,6,10800,T,T,F,F,T,T,T,T,T,T,T,F
34529,44,18,LOW,4.3,2,19800,T,T,T,T,T,T,T,F,F,F,F,F
56220,40,28,LOW,3.8,6,12500,F,F,T,T,T,T,T,T,T,T,T,F
49085,78,25,LOW,5,4,29400,T,T,T,T,T,T,F,T,F,T,F,T
84497,57,31,LOW,3.4,3,23000,T,T,T,T,T,T,F,T,T,T,F,F
90165,38,24,HIGH,4.6,5,10700,T,T,F,F,T,T,T,T,T,T,T,T
98626,68,42,HIGH,4.2,4,24800,T,T,F,F,T,T,T,T,F,T,F,T
96289,43,47,LOW,4.1,7,13900,T,T,F,F,F,F,T,F,T,F,T,F
78598,53,30,MEDIUM,2.6,2,28100,T,T,T,T,T,T,F,T,T,T,F,F
37571,71,38,MEDIUM,5,3,20700,F,F,F,F,T,T,F,T,T,T,T,T
42689,42,40,LOW,4.5,1,20000,T,T,T,T,T,T,T,F,T,F,F,F
102421,42,25,MEDIUM,4.5,1,14700,T,T,T,T,T,T,T,T,F,T,T,F
75792,82,50,MEDIUM,4.7,5,27000,T,T,T,T,T,T,F,T,T,T,T,T
71604,63,49,LOW,5,3,25600,T,T,T,T,T,F,T,T,F,T,T,T
102348,89,36,LOW,4.3,8,24300,T,T,T,T,T,T,T,T,T,T,T,F
28233,76,50,MEDIUM,3.2,6,29900,T,T,T,T,T,F,F,F,F,F,F,T
72902,55,16,MEDIUM,5,4,25300,T,T,T,T,T,T,F,T,T,T,F,F
102703,58,32,LOW,3.2,7,30000,F,F,T,T,T,T,T,F,T,F,T,F
50645,67,45,HIGH,4.3,3,30000,F,F,T,T,F,T,T,T,T,T,T,T
40282,53,42,MEDIUM,5,5,20500,T,T,T,T,F,T,F,T,T,T,F,F
94015,81,24,HIGH,3.2,4,20500,T,T,T,T,T,T,F,F,F,F,F,T
98696,32,39,MEDIUM,3.1,2,13800,T,T,T,T,T,T,F,T,T,T,F,F
43401,33,24,MEDIUM,2.5,6,11600,T,T,F,F,F,F,T,F,F,F,T,F
106585,42,50,MEDIUM,2.8,2,21000,T,T,F,F,T,F,T,T,T,T,T,F
106792,54,45,MEDIUM,2.3,3,18800,T,T,T,T,T,T,T,T,T,T,T,F
34702,69,25,LOW,3.5,1,29100,T,T,T,T,T,T,T,F,F,F,T,F
19999,56,44,LOW,3.5,1,23600,T,T,F,F,F,T,T,F,F,F,T,F
76145,77,27,LOW,3.7,5,29800,F,F,T,T,T,T,T,T,T,T,T,F
84033,46,31,MEDIUM,4.7,3,16600,F,F,F,F,T,T,F,T,T,T,T,F
50142,76,23,LOW,4.3,8,24500,T,T,T,T,T,T,F,T,T,T,T,F
96474,56,40,HIGH,3.8,6,24900,T,T,T,T,T,T,T,T,T,T,T,T
101699,55,35,LOW,5,4,27800,T,T,T,T,F,T,T,T,T,T,T,T
23380,86,43,HIGH,3.4,7,23200,T,T,T,T,T,T,T,T,F,T,T,T
63368,25,38,LOW,4.6,3,13000,T,T,F,F,F,F,T,F,T,F,T,F
32392,43,22,LOW,4.2,2,27600,T,T,T,T,T,T,T,F,F,F,T,F
79577,48,38,LOW,4.1,3,22600,F,F,T,T,T,T,F,T,T,T,T,F
30558,68,34,LOW,2.6,1,23800,T,T,T,T,T,T,T,T,F,T,T,F
103166,73,33,MEDIUM,5,1,25900,F,F,T,T,T,T,F,T,T,T,T,T
64053,45,36,HIGH,4.5,5,27200,T,T,T,T,T,T,F,T,T,T,T,T
28081,38,16,LOW,4.3,3,15400,F,F,T,T,T,F,T,F,F,F,F,F
106044,41,29,LOW,3.2,8,14500,T,T,F,F,F,F,F,F,F,F,T,F
11241,46,22,HIGH,5,6,13500,F,F,F,F,F,F,T,F,F,F,T,T
11966,22,16,LOW,3.2,4,10400,T,T,T,T,T,T,T,F,F,F,F,F
15835,37,41,MEDIUM,4.3,7,17100,T,T,T,F,T,T,T,T,F,T,T,F
107714,73,21,LOW,5,3,20200,F,F,T,T,T,T,T,F,T,F,T,F
29095,48,42,HIGH,3.2,5,15900,T,T,F,T,F,F,F,T,T,T,T,T
98635,89,22,MEDIUM,3.1,4,26700,F,F,T,T,T,T,F,T,T,T,F,T
20849,51,30,MEDIUM,2.5,2,30000,T,T,F,T,T,T,F,T,F,T,F,F
87703,57,20,MEDIUM,2.8,6,27200,T,T,T,T,T,T,T,F,F,F,F,F
54981,89,17,MEDIUM,2.3,2,24800,T,T,F,T,T,T,F,T,T,T,T,T
51818,44,34,LOW,3.5,3,26300,T,T,T,T,T,T,T,F,T,F,T,F
15650,78,28,LOW,3.7,1,22300,T,T,T,T,T,T,T,T,F,T,T,F
56097,79,25,MEDIUM,4.7,1,23400,T,T,T,F,T,T,F,T,T,T,F,T
54172,68,46,HIGH,4.3,5,19800,F,F,T,F,T,F,T,T,F,T,T,T
103749,58,21,LOW,3.8,3,21000,T,T,T,T,T,T,T,T,F,T,T,F
98409,43,35,MEDIUM,5,8,24900,T,T,T,T,T,T,F,T,T,T,F,F
57762,76,36,MEDIUM,3.4,6,20700,T,T,T,F,T,T,T,F,T,F,T,T
82901,86,33,MEDIUM,4.6,4,22600,F,F,F,F,T,T,F,T,T,T,F,T
88972,59,22,MEDIUM,4.2,7,19200,T,T,T,T,T,T,F,F,F,F,T,F
73383,54,31,LOW,4.1,3,18000,F,F,F,F,T,T,T,T,T,T,T,F
42163,73,29,MEDIUM,2.6,5,29300,F,F,T,F,T,T,T,F,T,F,T,T
41841,88,40,MEDIUM,5,4,21500,T,T,T,T,T,T,T,F,T,F,F,T
39077,86,34,LOW,4.5,2,28200,T,T,T,T,T,T,T,T,T,T,T,F
70014,70,25,LOW,4.5,6,28700,T,T,T,T,T,T,F,T,T,T,T,T
78428,46,38,LOW,4.7,2,13900,F,F,F,F,F,T,T,T,T,T,T,F
23784,36,20,MEDIUM,5,6,18500,T,T,T,T,T,T,T,T,T,T,T,F
26291,40,49,LOW,4.3,4,17100,T,T,T,T,T,T,F,T,T,T,T,F
88549,61,20,LOW,3.2,3,22600,F,F,F,F,F,T,T,F,F,F,T,F
90911,48,16,MEDIUM,5,5,17100,T,T,T,T,F,T,T,F,T,F,T,F
17470,61,42,MEDIUM,3.2,4,26900,F,F,F,F,F,F,T,T,F,T,F,F
94531,66,41,MEDIUM,4.3,5,27800,F,F,F,F,F,T,T,T,T,T,T,F
90462,25,36,MEDIUM,5,2,10300,T,T,T,T,F,F,F,T,T,T,T,F
108003,47,34,LOW,3.2,3,29400,F,F,F,F,T,T,F,T,F,T,T,F
87953,81,22,LOW,3.1,1,22500,F,F,F,F,F,T,T,T,F,T,T,F
36863,46,34,LOW,2.5,1,25500,F,F,F,F,T,T,F,T,T,T,F,F
28138,49,32,MEDIUM,2.8,5,12200,T,T,F,F,T,T,T,T,F,T,T,F
69965,81,21,LOW,2.3,3,22300,F,F,F,F,T,F,T,F,F,F,T,F
100047,62,23,HIGH,3.5,8,27000,T,T,T,T,T,T,T,F,F,F,T,T
13325,63,48,LOW,3.7,6,20500,T,T,T,T,T,T,F,T,F,T,F,F
17747,33,37,LOW,4.7,3,19900,T,T,T,T,T,T,T,T,F,T,T,F
61618,50,49,HIGH,2.3,5,15600,T,T,T,T,T,T,T,T,T,T,F,T
97148,72,34,LOW,3.5,4,23500,T,T,T,T,T,F,F,T,T,T,F,F
28977,40,33,LOW,3.7,2,11300,T,T,F,F,F,F,T,T,T,T,T,F
37784,42,41,LOW,4.7,6,17400,T,T,F,F,T,T,T,T,T,T,T,F
29107,68,21,MEDIUM,4.3,2,15500,F,F,F,F,F,T,T,T,T,T,T,F
63979,80,17,LOW,3.8,6,20400,T,T,F,F,T,F,T,T,T,T,T,F
106290,58,35,HIGH,5,4,17000,T,T,T,T,T,T,T,T,T,T,T,T
90562,86,24,MEDIUM,3.4,3,24300,T,T,T,T,T,T,T,T,F,T,T,T
99457,29,16,LOW,4.6,5,11700,F,F,F,F,T,T,T,F,F,F,T,F
25097,81,40,MEDIUM,3.2,4,21900,F,F,F,F,F,T,T,T,T,T,T,T
70359,31,46,HIGH,3.1,7,14400,F,F,F,F,T,T,T,F,F,F,T,T
87450,51,38,LOW,2.5,2,17900,T,T,T,F,F,T,T,T,F,T,T,F
23682,50,48,HIGH,2.8,3,16800,F,F,F,F,F,F,F,T,T,T,T,T
66551,54,30,MEDIUM,2.3,1,22000,F,F,F,F,T,T,T,T,F,T,T,F
49225,45,43,LOW,3.5,1,16300,T,T,T,T,T,T,T,T,T,T,T,F
13518,84,50,LOW,3.7,5,25400,T,T,T,T,T,T,T,T,T,T,T,F
69802,45,33,MEDIUM,4.7,3,11000,T,T,T,T,T,F,T,T,T,T,T,F
77419,43,36,LOW,4.3,8,16700,T,T,T,T,F,F,T,T,T,T,F,F
59590,53,26,LOW,3.8,6,16200,F,F,F,F,F,F,T,T,T,T,T,F
108832,66,37,HIGH,5,4,15200,T,T,T,T,T,T,T,T,F,T,T,T
60688,88,38,MEDIUM,3.4,7,24400,T,T,T,F,T,T,T,F,T,F,T,T
79001,74,24,LOW,4.6,3,20600,T,T,T,F,T,T,F,T,F,T,F,F
26396,77,47,LOW,4.2,5,27100,T,T,T,T,T,T,T,T,T,T,T,T
91986,53,26,MEDIUM,4.1,4,19800,T,T,T,T,T,T,T,T,T,T,T,F
36040,83,26,MEDIUM,2.6,2,28100,T,T,T,T,F,T,F,T,T,T,T,T
107876,64,44,HIGH,5,6,17600,T,T,T,T,T,F,F,T,F,T,T,T
71832,44,43,LOW,4.5,2,13300,F,F,F,F,T,T,T,T,F,T,T,F
66618,34,50,MEDIUM,4.5,3,15300,T,T,T,T,T,T,T,T,T,T,T,F
52128,51,29,LOW,4.5,1,29000,T,T,T,T,F,T,T,F,T,F,T,F
17201,79,16,LOW,4.7,1,26100,T,T,T,T,T,T,F,T,F,T,T,F
32646,60,40,HIGH,5,5,15100,T,T,T,F,F,F,T,T,F,T,F,T
15109,37,49,LOW,4.3,3,19500,F,F,F,F,F,T,T,T,T,T,T,F
16055,64,38,MEDIUM,3.2,8,29300,T,T,F,T,T,T,T,T,F,T,T,F
61789,85,37,MEDIUM,5,6,25100,T,T,F,F,T,F,T,F,F,F,T,T
10236,64,44,MEDIUM,3.2,4,17700,T,T,T,T,F,F,T,T,T,T,T,F
39081,29,18,HIGH,4.3,7,10600,T,T,T,T,F,F,F,T,T,T,T,T
60820,39,20,MEDIUM,5,3,12300,T,T,T,T,T,T,T,T,T,T,T,F
55625,78,38,LOW,3.2,4,27400,T,T,T,T,T,T,F,T,T,T,F,F
14630,66,31,MEDIUM,3.1,3,15200,T,T,T,T,F,F,T,T,T,T,T,F
89106,79,32,HIGH,2.5,5,28900,T,T,T,T,T,T,F,T,T,T,F,T
52359,38,16,HIGH,2.8,2,10300,T,T,T,T,F,T,F,T,F,T,T,T
85472,88,48,LOW,2.3,2,20800,T,T,T,T,T,T,T,T,F,T,F,F
14368,57,31,HIGH,3.5,6,22800,T,T,T,T,T,T,F,T,T,T,F,T
31921,37,32,HIGH,3.7,4,11600,T,T,T,T,T,T,F,T,T,T,T,T
10150,25,36,LOW,4.7,3,10700,T,T,T,T,T,T,T,T,T,T,T,F
59352,89,24,MEDIUM,4.3,5,21300,F,F,F,F,T,T,F,T,F,T,F,T
10614,77,25,MEDIUM,3.8,4,25900,F,F,F,F,T,T,T,T,T,T,T,T
58566,36,46,MEDIUM,5,5,18700,T,T,T,T,T,T,T,F,T,F,T,F
95655,21,42,MEDIUM,3.4,2,13500,T,T,T,T,F,T,T,F,F,F,T,F
10451,48,19,HIGH,4.6,3,12500,T,T,T,T,F,F,T,T,T,T,F,T
28597,44,18,LOW,4.2,1,16400,T,T,T,T,F,F,T,T,T,T,T,F
13903,52,32,MEDIUM,4.1,1,17800,T,T,T,T,T,T,T,T,T,T,T,F
69774,41,45,MEDIUM,2.6,5,15900,T,T,T,T,F,F,F,T,T,T,T,F
33697,36,25,MEDIUM,5,3,19700,T,T,T,T,T,T,F,T,T,T,F,F
101784,74,39,MEDIUM,4.5,8,20200,T,T,T,T,T,T,T,T,T,T,T,T
60073,90,34,LOW,4.3,6,22600,T,T,T,T,T,T,F,T,F,T,T,F
35979,41,35,LOW,3.2,4,19000,T,T,T,T,T,T,T,T,F,T,T,F
99046,45,49,MEDIUM,5,7,29200,T,T,T,T,T,F,T,T,T,T,T,F
40579,56,45,MEDIUM,3.2,3,24600,T,T,T,T,T,T,F,T,T,T,F,F
48893,37,49,HIGH,4.3,5,10600,T,T,T,T,T,T,T,T,T,T,F,T
109048,45,49,LOW,5,4,24700,T,T,T,T,T,F,F,T,F,T,T,F
25256,57,40,LOW,3.2,2,21600,T,T,T,T,F,T,T,T,T,T,F,F
30504,62,37,HIGH,3.1,6,19600,T,T,T,F,T,T,T,T,F,T,T,T
33167,44,21,MEDIUM,2.5,2,28600,T,T,T,F,F,F,T,T,T,T,T,F
43228,81,44,MEDIUM,2.8,6,28600,T,T,T,T,T,T,T,T,T,T,T,T
104011,68,42,LOW,2.3,4,19100,T,T,T,F,T,T,F,T,T,T,T,F
52451,41,47,HIGH,3.5,3,22800,T,T,T,F,T,T,F,T,T,T,T,T
75274,49,23,LOW,3.7,5,20400,T,T,T,T,T,T,T,T,F,T,T,F
19193,54,21,LOW,4.7,4,28700,T,T,T,T,T,T,F,T,T,T,F,T
32408,32,32,MEDIUM,4.3,4,12400,T,T,T,T,T,F,T,T,T,T,T,F
96333,83,26,LOW,3.8,5,29600,T,T,T,T,T,T,T,T,T,T,T,F
99410,27,40,MEDIUM,5,2,13000,T,T,T,F,T,T,T,T,T,T,T,F
58343,75,44,LOW,3.4,3,20700,F,F,F,F,T,T,T,T,T,T,F,F
12938,25,27,HIGH,4.6,1,12600,T,T,T,T,F,T,T,T,T,T,T,T
52903,80,32,MEDIUM,4.2,1,24100,T,T,T,T,T,T,T,F,T,F,T,T
20844,47,45,MEDIUM,4.1,5,13600,T,T,T,T,T,T,T,T,T,T,T,F
84605,31,48,HIGH,2.6,3,17300,T,T,T,F,T,T,T,T,T,T,T,T
83340,39,44,MEDIUM,5,8,12500,F,F,F,T,T,F,F,T,T,T,T,F
34605,65,49,LOW,4.5,6,22000,T,T,T,T,T,T,F,T,T,T,F,F
106494,61,44,LOW,4.5,3,18700,F,F,F,F,T,F,F,F,T,F,T,F
99624,65,36,HIGH,4.7,5,24400,F,F,F,F,T,T,F,T,T,T,T,T
47923,52,38,LOW,5,4,24000,T,T,T,T,T,F,T,F,T,F,T,F
71607,74,23,MEDIUM,4.3,2,25300,T,T,T,T,T,T,T,F,F,F,F,T
103485,77,20,MEDIUM,3.2,6,25200,F,F,F,F,T,F,T,T,T,T,T,T
27890,53,26,LOW,5,2,23900,T,T,T,T,F,T,T,T,T,T,T,F
81851,58,19,LOW,3.2,6,17600,T,T,T,T,T,T,T,F,F,F,F,F
36364,39,48,LOW,4.3,4,17600,F,F,F,F,T,T,T,T,F,T,T,F
36951,35,32,HIGH,5,3,11700,T,T,T,T,T,F,T,T,T,T,F,T
106004,80,27,MEDIUM,3.2,5,26200,T,T,T,T,T,T,F,F,T,F,T,T
40949,60,39,MEDIUM,3.1,4,16000,T,T,T,T,F,F,T,T,T,T,T,F
35904,62,20,HIGH,2.5,7,28400,T,T,T,T,T,T,F,T,F,T,F,T
106489,37,41,LOW,2.8,2,16100,T,T,T,T,T,T,T,T,T,T,T,F
80578,30,40,LOW,2.3,3,10800,T,T,T,T,T,F,T,T,T,T,F,F
109504,52,21,LOW,3.5,1,27400,T,T,T,T,T,T,T,T,T,T,F,F
28528,84,45,HIGH,3.7,1,27600,T,T,T,T,T,T,F,T,T,T,F,T
70664,68,47,MEDIUM,4.7,5,22600,T,T,T,T,T,T,T,T,T,T,T,F
65088,49,19,HIGH,2.3,3,27000,T,T,T,T,T,T,T,T,F,T,F,T
90147,49,30,MEDIUM,3.5,8,27800,T,T,T,T,T,T,T,T,T,T,T,F
28498,29,38,HIGH,3.7,6,12400,T,T,T,T,T,T,F,T,T,T,T,T
79890,69,50,HIGH,4.7,4,18100,T,T,T,T,T,T,T,T,F,T,T,T
42927,36,24,LOW,4.3,7,14600,T,T,T,T,T,T,T,T,T,T,T,F
91913,45,45,MEDIUM,3.8,3,13200,F,F,F,F,T,F,T,T,T,T,T,F
32083,32,42,HIGH,5,5,18800,F,F,F,F,T,T,T,T,T,T,T,T
100918,45,27,MEDIUM,3.4,4,13900,T,T,T,T,F,F,T,F,T,F,T,F
89406,66,37,MEDIUM,4.6,2,16500,T,T,T,T,T,F,T,F,T,F,T,F
23037,70,45,MEDIUM,4.2,6,15700,T,T,T,T,T,T,T,T,T,T,T,F
103462,46,26,MEDIUM,4.1,2,24500,T,T,T,T,T,F,F,T,T,T,F,F
89559,67,16,HIGH,2.6,3,15400,T,T,T,T,T,T,T,T,F,T,T,T
55629,80,27,MEDIUM,5,1,27100,T,T,T,T,T,T,T,T,F,T,T,T
72986,41,36,LOW,4.5,1,22200,T,T,T,T,T,F,T,T,T,T,T,F
19209,61,21,LOW,4.5,5,16900,T,T,T,T,F,F,T,T,T,T,T,F
64752,27,38,MEDIUM,4.5,3,14100,F,F,F,F,T,F,T,T,T,T,T,F
35519,72,32,LOW,4.7,8,21400,T,T,T,T,F,T,T,T,T,T,T,F
103168,52,22,LOW,5,6,15900,T,T,T,T,T,F,F,F,T,F,F,F
46071,55,32,MEDIUM,4.3,4,25100,T,T,T,T,T,T,T,T,F,T,T,F
109132,30,38,MEDIUM,3.2,7,15100,T,T,T,T,T,T,T,T,T,T,T,F
47343,44,41,LOW,5,3,28300,T,T,T,F,F,T,F,T,T,T,F,T
47441,86,36,LOW,3.2,2,21600,T,T,T,F,F,T,T,T,T,T,F,F
93891,42,20,LOW,4.3,3,13900,T,T,T,F,T,T,T,T,F,T,T,F
13747,58,38,LOW,5,1,18700,T,T,T,T,T,F,T,T,T,T,T,F
89041,47,25,HIGH,3.2,1,15900,F,F,F,T,F,F,T,T,T,T,T,T
55295,47,47,LOW,3.1,5,12400,F,F,F,F,F,T,T,T,T,T,T,F
47489,34,41,LOW,2.5,3,18400,T,T,T,F,T,T,F,F,T,F,F,F
59580,48,50,MEDIUM,2.8,8,14200,T,T,T,T,F,F,T,F,T,F,T,F
98836,56,29,MEDIUM,2.3,6,24900,T,T,T,T,T,T,F,T,F,T,F,F
92227,52,29,MEDIUM,3.5,4,22600,T,T,T,F,T,T,F,T,T,T,F,F
34297,64,32,LOW,3.7,7,22600,T,T,T,T,T,T,T,T,T,T,T,F
25774,77,48,MEDIUM,4.7,3,26700,F,F,F,F,T,T,F,T,F,T,F,T
101031,41,16,LOW,4.3,5,15100,T,T,T,F,F,F,T,T,T,T,T,F
14890,67,29,HIGH,3.8,4,18700,T,T,T,T,T,T,T,F,T,F,T,T
63420,49,21,HIGH,5,2,19500,T,T,T,T,F,T,T,T,F,T,T,T
103325,51,49,LOW,3.4,6,17100,F,F,F,F,F,T,T,T,T,T,T,F
72849,63,47,LOW,4.6,2,19100,T,T,T,T,T,F,T,T,T,T,T,F
10987,44,21,MEDIUM,4.2,3,29300,T,T,T,T,T,T,F,F,T,F,F,F
31083,78,26,MEDIUM,4.1,1,20700,T,T,T,T,T,T,F,T,F,T,F,T
50258,43,25,MEDIUM,2.6,1,19100,T,T,T,T,T,T,T,T,T,T,T,F
70206,50,33,HIGH,5,5,18000,T,T,T,T,T,T,T,T,T,T,T,T
19519,78,31,LOW,4.5,3,23300,F,F,F,F,F,F,T,T,T,T,F,F
14658,82,36,LOW,4.3,8,24700,F,F,F,F,T,T,F,T,F,T,F,F
85860,43,17,MEDIUM,3.2,6,18400,F,F,F,F,T,T,T,F,T,F,F,F
50087,52,45,LOW,5,4,17300,F,F,F,F,T,T,F,F,T,F,T,F
96078,51,37,MEDIUM,3.2,7,16500,T,T,T,T,F,F,T,F,T,F,F,F
82096,23,23,MEDIUM,4.3,3,10500,T,T,T,T,F,F,T,F,F,F,F,F
41996,63,48,LOW,5,5,23900,T,T,T,T,T,T,T,T,T,T,F,F
57207,87,48,HIGH,3.2,4,29700,T,T,T,T,T,T,F,T,T,T,F,T
105816,48,37,LOW,3.1,2,13900,F,F,F,F,T,T,T,T,T,T,T,F
94231,35,28,MEDIUM,2.5,6,11600,F,F,F,T,F,T,T,T,T,T,F,F
80869,63,29,LOW,2.8,2,29400,F,F,F,T,T,T,F,F,T,F,T,F
51939,44,47,LOW,2.3,6,11500,F,F,F,T,F,F,F,F,T,F,T,F
89484,59,47,LOW,3.5,4,28600,F,F,F,F,T,F,T,F,T,F,T,F
99292,49,23,LOW,3.7,3,19800,T,T,T,F,T,T,T,F,F,F,T,F
77232,60,22,HIGH,4.7,5,19600,T,T,T,F,T,T,T,F,F,F,T,T
79535,63,50,LOW,4.3,4,18400,T,T,T,T,T,T,T,T,T,T,T,F
10944,43,46,LOW,3.8,5,10500,T,T,T,T,F,F,T,T,T,T,T,F
42524,72,22,HIGH,5,2,25700,F,F,F,F,T,T,T,T,F,T,T,T
90360,63,47,MEDIUM,3.4,3,16000,F,F,F,F,F,F,T,T,T,T,T,F
79446,55,17,MEDIUM,4.6,1,17000,T,T,T,T,T,T,T,F,T,F,T,F
40090,48,25,HIGH,4.2,1,13200,T,T,T,T,F,T,T,F,T,F,T,T
83003,37,47,HIGH,4.1,5,17100,F,F,F,F,T,T,T,T,T,T,T,T
12694,50,40,MEDIUM,2.6,3,22100,F,F,F,F,T,T,T,T,T,T,F,F
79632,31,43,LOW,5,8,13000,F,F,F,F,F,F,T,F,T,F,T,F
95354,45,35,HIGH,4.5,6,13300,F,F,F,F,F,F,T,F,F,F,T,T
108596,79,44,LOW,4.5,3,27600,F,F,F,F,T,F,T,F,T,F,T,T
44594,66,50,MEDIUM,4.7,5,23400,F,F,F,F,T,T,F,F,T,F,F,F
24534,36,22,LOW,5,4,17000,F,F,F,F,T,T,T,F,T,F,F,F
27462,53,39,MEDIUM,4.3,2,22300,T,T,T,T,T,F,T,F,T,F,T,F
108153,52,32,MEDIUM,3.2,6,23500,T,T,T,T,T,T,T,F,T,F,F,F
93974,38,33,MEDIUM,5,2,13200,T,T,T,T,T,T,T,T,T,T,T,F
39042,45,46,MEDIUM,4.3,6,24200,T,T,T,T,T,T,F,T,T,T,F,F
108718,84,18,MEDIUM,3.8,4,21600,F,F,F,F,T,F,T,T,F,T,T,T
59071,69,35,HIGH,5,3,28100,T,T,T,T,T,F,T,T,F,T,T,T
72299,56,24,HIGH,3.4,5,25800,F,F,F,F,T,F,T,F,F,F,T,T
103546,88,44,LOW,4.6,4,28500,F,F,F,F,T,T,T,T,T,T,T,T
52011,54,25,MEDIUM,4.2,7,24500,F,F,F,F,T,F,T,F,T,F,T,F
81745,43,49,LOW,4.1,2,12400,F,F,F,F,T,T,T,F,T,F,T,F
70428,83,42,LOW,2.6,3,21600,T,T,T,T,T,F,F,F,T,F,T,F
85182,46,22,LOW,5,1,27600,T,T,T,T,T,T,T,F,F,F,T,F
62175,45,16,MEDIUM,4.5,1,13300,T,T,T,T,F,F,T,T,F,T,T,F
39715,68,17,MEDIUM,4.5,5,20200,F,F,F,F,T,T,T,T,T,T,T,F
97328,43,24,MEDIUM,4.7,3,14300,F,F,F,F,T,T,T,T,T,T,T,F
50064,69,20,LOW,5,8,15400,F,F,F,F,F,F,T,F,F,F,T,F
72200,46,48,MEDIUM,4.3,6,14400,F,F,F,F,T,T,T,F,F,F,T,F
14301,25,33,MEDIUM,3.2,4,14200,T,T,T,T,F,F,T,F,F,F,F,F
109583,83,34,LOW,5,7,29200,F,F,F,F,T,T,T,F,T,F,T,T
50647,40,25,LOW,3.2,3,22100,T,T,T,T,T,T,T,T,T,T,T,F
95443,74,42,LOW,4.3,5,29000,T,T,T,T,T,T,F,F,T,F,T,T
65225,71,48,HIGH,5,4,25900,T,T,T,T,T,T,T,T,T,T,T,T
67809,49,39,HIGH,3.2,2,11600,T,T,T,T,F,T,T,T,T,T,T,T
74314,38,31,LOW,3.1,6,17500,T,T,T,T,F,T,T,T,T,T,T,F
57102,63,30,MEDIUM,2.5,2,16100,F,F,F,F,F,F,T,T,F,T,T,F
61011,84,21,MEDIUM,2.8,3,25000,F,F,F,F,T,F,T,T,T,T,F,T
52421,30,16,LOW,2.3,1,15000,F,F,F,F,F,F,F,F,F,F,T,F
17064,62,45,HIGH,3.5,1,15800,F,F,F,F,T,F,T,F,T,F,T,T
28061,84,43,LOW,3.7,5,23200,F,F,F,F,T,T,F,F,T,F,F,F
12291,86,40,MEDIUM,4.7,3,26700,F,F,F,F,T,T,F,F,T,F,F,T
105095,45,50,MEDIUM,4.3,8,18000,T,T,T,T,T,T,T,F,T,F,T,F
89958,56,27,MEDIUM,3.8,6,19400,T,T,T,T,F,T,T,F,F,F,F,F
32432,69,34,HIGH,5,4,29700,F,F,F,F,F,T,T,T,T,T,F,T
70063,64,35,HIGH,3.4,7,18700,T,T,T,T,T,T,F,T,T,T,T,T
42037,85,25,MEDIUM,4.6,3,29900,F,F,F,F,T,T,T,F,T,F,T,T
24258,22,23,LOW,4.2,4,14300,F,F,F,F,T,T,T,T,T,T,T,F
109672,67,20,LOW,4.1,3,15600,F,F,F,F,F,F,F,F,T,F,T,F
33891,36,47,LOW,2.6,5,13100,F,F,F,F,T,T,T,F,F,F,T,F
44775,87,44,HIGH,5,2,26400,T,T,T,T,T,F,F,F,F,F,T,T
57101,45,49,LOW,4.5,2,19800,T,T,T,T,F,T,T,F,T,F,T,F
13564,38,19,HIGH,4.3,6,12900,T,T,T,T,T,T,T,T,T,T,T,T
28427,42,32,HIGH,3.2,4,10700,T,T,T,T,F,F,T,T,T,T,F,T
24864,60,38,MEDIUM,5,3,19200,T,T,T,T,F,T,T,T,T,T,T,F
61159,50,21,LOW,3.2,5,25000,T,T,T,T,T,T,T,T,F,T,T,F
10645,35,20,LOW,4.3,4,13300,T,T,T,T,F,F,T,T,T,T,T,F
96076,72,36,MEDIUM,5,5,22900,T,T,T,T,T,T,T,T,F,T,F,T
66651,49,44,HIGH,3.2,2,27900,T,T,T,T,T,T,T,T,T,T,T,T
61342,67,41,MEDIUM,3.1,3,18900,T,T,T,T,T,F,T,T,T,T,T,F
94754,68,41,MEDIUM,2.5,1,29700,F,F,F,F,T,T,F,T,F,T,F,F
37917,31,26,MEDIUM,2.8,1,10500,F,F,F,F,T,T,F,T,T,T,T,F
18517,44,38,LOW,2.3,5,13900,T,T,T,T,F,F,T,F,T,F,T,F
14107,54,33,LOW,3.5,3,27500,F,F,F,F,T,T,T,F,F,F,T,F
91117,61,21,LOW,3.7,8,17800,F,F,F,F,T,T,T,T,F,T,T,F
28268,68,26,MEDIUM,4.7,6,21300,F,F,F,F,T,T,T,F,F,F,T,F
76944,79,34,MEDIUM,4.3,4,23900,F,F,F,F,T,F,F,F,T,F,F,T
58485,61,27,HIGH,3.8,7,28000,T,T,T,T,F,T,T,F,T,F,F,T
82801,73,28,LOW,5,3,20100,T,T,T,T,F,T,F,F,T,F,T,F
54314,79,44,MEDIUM,3.4,5,28700,T,T,T,T,T,T,T,T,T,T,T,T
106122,75,22,MEDIUM,4.6,4,23700,T,T,T,T,T,T,F,T,T,T,T,T
105188,71,39,MEDIUM,4.2,2,26400,F,F,F,F,T,T,T,T,T,T,T,T
73708,86,36,HIGH,4.1,6,21900,F,F,F,F,T,T,F,T,F,T,F,T
72900,45,17,LOW,2.6,2,18700,F,F,F,F,T,T,T,F,F,F,T,F
29343,43,46,HIGH,5,6,27300,F,F,F,F,T,T,F,F,T,F,F,T
109884,42,18,LOW,4.5,4,15100,F,F,F,F,F,T,T,F,F,F,F,F
32160,78,33,MEDIUM,4.5,3,20600,F,F,F,F,F,F,T,F,T,F,F,T
59297,62,28,HIGH,4.7,5,22000,F,F,F,F,T,F,F,F,T,F,F,T
101544,69,47,LOW,5,4,25100,F,F,F,F,F,T,T,F,T,F,T,T
94004,81,37,LOW,4.3,7,28000,T,T,T,T,F,F,T,F,T,F,T,T
91074,33,19,LOW,3.2,2,11600,T,T,T,T,F,T,T,F,T,F,T,F
78302,72,33,LOW,5,3,20500,T,T,T,T,T,T,T,T,T,T,T,F
65006,26,24,MEDIUM,3.2,1,12600,T,T,T,T,T,T,T,T,F,T,T,F
27496,50,48,LOW,4.3,1,25700,T,T,T,T,F,F,T,T,T,T,F,F
27306,24,42,HIGH,5,5,10600,T,T,T,T,F,F,T,T,T,T,F,T
108855,46,30,LOW,3.2,3,22800,F,F,F,F,T,T,F,T,F,T,F,F
30423,25,45,HIGH,4.1,8,12200,F,F,F,F,T,T,T,T,T,T,F,T
14015,42,38,MEDIUM,2.6,6,17200,F,F,F,F,T,T,T,F,T,F,F,F
19211,34,28,LOW,5,4,12700,F,F,F,F,F,F,T,F,T,F,F,F
18917,30,47,LOW,4.5,7,12100,F,F,F,F,F,F,T,F,T,F,F,F
68104,74,45,HIGH,4.5,3,20800,T,T,T,T,F,F,T,F,F,F,T,T
109425,61,20,LOW,4.5,5,20300,F,F,F,F,T,T,F,F,T,F,T,F
55550,43,28,MEDIUM,4.7,4,21500,T,T,T,T,F,T,F,T,T,T,T,F
14514,32,45,LOW,5,2,11000,T,T,T,T,T,T,T,F,T,F,T,F
103087,45,35,MEDIUM,4.3,6,15500,T,T,T,T,F,F,F,T,T,T,T,F
56885,53,27,HIGH,3.2,2,15500,F,F,F,F,F,F,T,T,T,T,F,T
41866,56,34,MEDIUM,5,3,16100,F,F,F,F,T,T,T,T,T,T,T,F
69372,49,35,LOW,3.2,1,10700,F,F,F,F,T,T,T,F,T,F,F,F
105429,80,43,MEDIUM,4.3,1,23300,F,F,F,F,F,T,T,F,T,F,T,T
15317,89,40,LOW,5,5,23700,T,T,T,T,T,T,T,F,T,F,T,F
68156,83,40,HIGH,3.2,3,26300,T,T,T,T,T,F,T,F,T,F,T,T
104971,82,24,HIGH,3.1,8,24900,T,T,T,T,T,T,F,T,T,T,F,T
78626,55,47,MEDIUM,2.5,6,23700,T,T,T,T,F,T,T,T,T,T,T,F
60153,79,31,LOW,2.8,4,27400,F,F,F,F,T,F,F,T,T,T,T,F
80728,37,28,MEDIUM,2.3,7,11700,T,T,T,T,F,T,T,T,T,T,F,F
100553,67,34,LOW,3.5,3,21500,F,F,F,F,T,T,F,F,T,F,T,F
43962,68,49,HIGH,3.7,5,22600,F,F,F,F,T,T,T,T,F,T,T,T
78357,59,40,LOW,4.7,4,28600,T,T,T,T,F,T,T,F,T,F,T,T
82796,43,17,LOW,4.3,2,17800,T,T,T,T,T,T,T,F,T,F,T,F
40459,78,47,LOW,3.8,6,23700,T,T,T,T,T,T,F,T,T,T,F,F
106499,26,31,MEDIUM,5,2,10700,F,F,F,F,F,F,T,T,T,T,T,F
109224,41,18,HIGH,3.4,6,27500,F,F,F,F,T,F,T,T,F,T,T,T
32182,49,29,MEDIUM,4.6,4,24300,F,F,F,F,T,F,T,F,T,F,T,F
100393,61,22,MEDIUM,4.2,3,27200,T,T,T,T,T,T,T,F,F,F,F,F
26061,45,22,MEDIUM,4.1,5,11000,T,T,T,T,F,F,T,F,F,F,T,F
47330,40,21,MEDIUM,2.6,4,18800,T,T,T,T,F,T,F,T,T,T,F,F
94864,40,47,HIGH,5,5,14200,F,F,F,F,T,T,F,T,T,T,T,T
28959,71,38,MEDIUM,4.5,2,23600,F,F,F,F,F,T,T,T,T,T,T,T
54462,55,31,MEDIUM,4.3,3,15900,F,F,F,F,F,F,F,F,T,F,T,F
63880,50,23,MEDIUM,3.2,1,20800,T,T,T,T,T,T,T,F,F,F,T,F
104630,44,19,LOW,5,1,23800,T,T,T,T,T,T,F,F,T,F,F,F
11565,56,19,MEDIUM,3.2,5,16400,F,F,F,F,T,T,F,T,F,T,T,F
93527,50,38,MEDIUM,4.3,3,29700,T,T,T,T,T,F,F,T,T,T,T,F
88812,28,34,LOW,5,8,10500,T,T,T,T,T,F,T,F,T,F,T,F
61107,51,30,LOW,3.2,6,21100,T,T,T,T,T,T,T,T,T,T,T,F
104722,33,38,LOW,3.1,3,16700,T,T,F,F,F,F,T,T,T,T,T,F
10915,25,22,LOW,2.5,5,13500,T,T,T,T,F,T,T,T,F,T,T,F
33056,68,27,HIGH,2.8,4,23500,T,T,T,T,T,T,T,T,T,T,T,T
78967,42,25,HIGH,2.3,2,14500,T,T,F,F,F,F,T,T,T,T,T,T
81825,26,21,LOW,3.5,6,12300,T,T,T,T,T,T,T,T,F,T,T,F
51846,34,21,LOW,3.7,2,14000,T,T,T,T,T,T,T,T,F,T,T,F
58288,68,24,LOW,4.7,6,16000,T,T,T,T,T,T,T,T,T,T,T,F
30459,50,29,HIGH,4.3,4,20500,T,T,F,F,T,T,F,T,F,T,F,T
70018,66,39,HIGH,3.8,3,25800,T,T,T,T,F,F,F,F,F,F,F,T
62789,29,25,MEDIUM,5,5,14000,T,T,F,F,F,F,T,F,T,F,T,F
102887,60,46,HIGH,3.4,4,20300,T,T,T,T,F,T,T,F,T,F,T,T
83102,41,47,MEDIUM,4.6,7,14600,T,T,F,F,F,F,T,T,F,T,T,F
57268,51,25,MEDIUM,4.2,2,22000,F,F,T,T,T,T,T,F,T,F,T,F
78139,51,29,MEDIUM,4.1,3,25200,T,T,F,F,T,T,T,F,T,F,T,F
86331,46,29,LOW,2.6,1,10300,T,T,F,F,F,F,T,T,F,T,F,F
31384,84,27,LOW,5,1,27500,T,T,F,F,T,T,T,T,T,T,T,F
63996,78,23,HIGH,4.5,5,22600,T,T,F,F,T,T,T,T,F,T,T,T
99025,75,42,LOW,4.5,3,27400,F,F,T,T,T,T,T,T,T,T,T,T
95921,62,43,MEDIUM,4.7,8,23300,T,T,T,T,T,T,F,F,T,F,F,F
99164,89,26,MEDIUM,5,6,21600,T,T,T,T,T,T,T,T,T,T,F,T
